Workbook

Sheet Account 
A1: BNK - Humor
A2: No | B2: Contract | C2: Date | D2: Details | E2: M-Tone | F2: Unit Price | G2: T-Credit | H2: T-Debit | I2: Balance | K2: Rate | L2: T-Credit | M2: T-Debit | N2: Balance
A3: 1
A4: 2
A5: 3
A6: 4
A7: 5
A8: 6
A9: 7
A10: 8
A11: 9
A12: 10
A13: 11
A14: 12
... A120: 118
A121: 119 | P121: شروع
A122: 120
A123: 121
A124: 122
A125: 123
A126: 124 | I126: =G126-H126+I125 -> 0 | N126: =L126-M126+N125 -> 0
A127: 125 | B127: M - 32 | D127: Recived 199 Wagons # Avarage december -121.31 # | E127: =12006.4+2139.35 -> 14145.75 | F127: 41596.75 | H127: =E127*F127 -> 5.8841723e+08 | I127: =G127-H127+I126 -> -5.8841723e+08 | K127: =651.88-121.31 -> 530.57 | M127: =E127*K127 -> 7505310.6 | N127: =L127-M127+N126 -> -7505310.6 | P127: 86 | Q127: 651.88095 | R127: =Q127-35 -> 616.88095
A128: 126 | C128: 17/12/2025 | D128: Paid recipt no 648 by Sarafi Noorzad | G128: 500000000 | I128: =G128-H128+I127 -> -88417226 | K128: 78.400117 | L128: =G128/K128 -> 6377541.5 | N128: =L128-M128+N127 -> -1127769.1
A129: 127 | C129: 23/12/2025 | D129: Paid recipt no 666 by Sarafi Noorzad # 200 M | G129: 1.0185766e+08 | I129: =G129-H129+I128 -> 13440437 | K129: 78.400117 | L129: =G129/K129 -> 1299203 | N129: =L129-M129+N128 -> 171433.89
A130: 128 | C130: 24/12/2025 | D130: From contract M - 30 | G130: 1.9454619e+08 | I130: =G130-H130+I129 -> 2.0798662e+08 | K130: 78.400117 | L130: =G130/K130 -> 2481452.8 | N130: =L130-M130+N129 -> 2652886.7
A131: 129 | C131: 46174 | D131: From contract M - 29 | G131: 4210124.4 | I131: =G131-H131+I130 -> 2.1219675e+08 | K131: 78.400117 | L131: =G131/K131 -> 53700.486 | N131: =L131-M131+N130 -> 2706587.1
A132: 130 | C132: 46174 | D132: From contract M - 33 | H132: 2752469.5 | I132: =G132-H132+I131 -> 2.0944428e+08 | K132: 78.400117 | M132: =H132/K132 -> 35107.977 | N132: =L132-M132+N131 -> 2671479.2
A133: 131 | C133: 28.01.2026 | D133: Recived to contract 35-М | H133: 1.1411863e+08 | I133: =G133-H133+I132 -> 95325645 | K133: 78.400117 | M133: =H133/K133 -> 1455592.7 | N133: =L133-M133+N132 -> 1215886.5
A134: 132 | C134: 09.02.2026 | D134: Recived to Rent of wagons Account | H134: 32500168 | I134: =G134-H134+I133 -> 62825476 | K134: 78.400117 | M134: =H134/K134 -> 414542.34 | N134: =L134-M134+N133 -> 801344.17
A135: 133 | C135: 06.03.2026 | D135: Recived to Solvex - March loading | H135: 39264820 | I135: =G135-H135+I134 -> 23560656 | K135: 78.400117 | M135: =H135/K135 -> 500826.04 | N135: =L135-M135+N134 -> 300518.12
A136: 134 | C136: 24.03.2026 | D136: Recived to contract M - 37 | H136: 23560656 | I136: =G136-H136+I135 -> 0.017500006 | K136: 78.400117 | M136: =H136/K136 -> 300518.12 | N136: =L136-M136+N135 -> 0.00022321538
A137: 135 | I137: =G137-H137+I136 -> 0.017500006 | N137: =L137-M137+N136 -> 0.00022321538
A138: 136 | B138: M - 33 | C138: 46174 | D138: From contract M - 29 | G138: 2676324.9 | I138: =G138-H138+I137 -> 2676325 | K138: 78.4 | L138: =G138/K138 -> 34136.798 | N138: =L138-M138+N137 -> 34136.798
A139: 137 | C139: 46174 | D139: From contract M - 30 | G139: 22785445 | I139: =G139-H139+I138 -> 25461770 | K139: 78.4 | L139: =G139/K139 -> 290630.68 | N139: =L139-M139+N138 -> 324767.47
A140: 138 | C140: 46174 | D140: From contract M - 30 | G140: 6890484 | I140: =G140-H140+I139 -> 32352254 | K140: 78.4 | L140: =G140/K140 -> 87888.827 | N140: =L140-M140+N139 -> 412656.3
A141: 139 | C141: 46174 | D141: From contract M - 30 | G141: 6238180.8 | I141: =G141-H141+I140 -> 38590435 | K141: 78.4 | L141: =G141/K141 -> 79568.633 | N141: =L141-M141+N140 -> 492224.93
A142: 140 | C142: 46174 | D142: From contract M - 32 | G142: 2752469.5 | I142: =G142-H142+I141 -> 41342904 | K142: 78.4 | L142: =G142/K142 -> 35108.029 | N142: =L142-M142+N141 -> 527332.96
A143: 141 | D143: Recived 14 Wagons # Avarage of December -122.43 # | E143: 824.171 | F143: 41508.94 | H143: =E143*F143 -> 34210465 | I143: =G143-H143+I142 -> 7132439.7 | K143: 529.45 | M143: =E143*K143 -> 436357.34 | N143: =L143-M143+N142 -> 90975.627
A144: 142 | D144: Recived to Solvex - March loading | H144: 241955.61 | I144: =G144-H144+I143 -> 6890484.1 | K144: 78.4 | M144: =H144/K144 -> 3086.1685 | N144: =L144-M144+N143 -> 87889.458
A145: 143 | D145: Recived to contract M - 37 | H145: 6890484 | I145: =G145-H145+I144 -> 0.018759994 | K145: 78.4 | M145: 87889.458 | N145: =L145-M145+N144 -> 0.00022321544
A146: 144 | I146: =G146-H146+I145 -> 0.018759994 | N146: =L146-M146+N145 -> 0.00022321544
A147: 145 | B147: M - 34 | C147: 46357 | D147: Paid recipt no 2 by Sarafi Noorzad | G147: 500000000 | I147: =G147-H147+I146 -> 5e+08 | K147: 77.215566 | L147: =G147/K147 -> 6475378.3 | N147: =L147-M147+N146 -> 6475378.3
A148: 146 | C148: 46357 | D148: Paid by Jalaledin - we must pay in Kabul | G148: 75019405 | I148: =G148-H148+I147 -> 5.7501941e+08 | K148: 77.215566 | L148: =G148/K148 -> 971558.06 | N148: =L148-M148+N147 -> 7446936.4
A149: 147 | C149: 13/1/2026 | D149: Paid recipt no 2 by Sarafi Noorzad # 400 M | G149: 254364075 | I149: =G149-H149+I148 -> 8.2938348e+08 | K149: 77.215566 | L149: =G149/K149 -> 3294207.2 | N149: =L149-M149+N148 -> 10741144
A150: 148 | C150: 15000 MT Gasoline | D150: Recived 248 Wagons Gasoline | E150: 14983.95 | F150: 40241.37 | H150: =E150*F150 -> 6.0297468e+08 | I150: =G150-H150+I149 -> 2.264088e+08 | K150: 521.15619 | M150: =E150*K150 -> 7808978.3 | N150: =L150-M150+N149 -> 2932165.3
A151: 149 | C151: 06.03.2026 | D151: Recived to Solvex - March loading | H151: 88178224 | I151: =G151-H151+I150 -> 1.3823058e+08 | K151: =F150/K150 -> 77.215566 | M151: =H151/K151 -> 1141974.7 | N151: =L151-M151+N150 -> 1790190.6
A152: 150 | C152: 24.03.2026 | D152: Recived to contract M - 37 | H152: 138230580 | I152: =G152-H152+I151 -> 0.027260065 | K152: 77.215566 | M152: =H152/K152 -> 1790190.6 | N152: =L152-M152+N151 -> 0.00033329753
A153: 151 | I153: =G153-H153+I152 -> 0.027260065 | N153: =L153-M153+N152 -> 0.00033329753
A154: 152 | B154: M -35 | C154: 13/1/2026 | D154: Paid recipt no 2 by Sarafi Noorzad # 400 M | G154: 47574775 | I154: =G154-H154+I153 -> 47574775 | K154: 77.447767 | L154: =G154/K154 -> 614282.07 | N154: =L154-M154+N153 -> 614282.08
A155: 153 | C155: 16/1/2026 | D155: Paid recipt no 14 by Monib Omar # 300 M | G155: 261429281 | I155: =G155-H155+I154 -> 3.0900406e+08 | K155: 77.447767 | L155: =G155/K155 -> 3375556.1 | N155: =L155-M155+N154 -> 3989838.2
A156: 154 | C156: 23/1/2026 | D156: Paid recipt no 93 by Sarafi Noorzad # 100 M | G156: 88879866 | I156: =G156-H156+I155 -> 3.9788392e+08 | K156: 77.447767 | L156: =G156/K156 -> 1147610.4 | N156: =L156-M156+N155 -> 5137448.6
A157: 155 | C157: 28.01.2026 | D157: from contract M-32 | G157: 1.1411863e+08 | I157: =G157-H157+I156 -> 5.1200256e+08 | K157: 77.447767 | L157: =G157/K157 -> 1473491.6 | N157: =L157-M157+N156 -> 6610940.2
A158: 156 | C158: 46055 | D158: Paid recipt no 139 by Noorzad Dubai 150 M | G158: 1.3412987e+08 | I158: =G158-H158+I157 -> 6.4613243e+08 | K158: 77.447767 | L158: =G158/K158 -> 1731875.3 | N158: =L158-M158+N157 -> 8342815.5
A159: 157 | C159: 46055 | D159: Paid recipt no 93 by Noorzad Dubai | G159: 137302452 | I159: =G159-H159+I158 -> 7.8343488e+08 | K159: 77.447767 | L159: =G159/K159 -> 1772839.4 | N159: =L159-M159+N158 -> 10115655
A160: 158 | C160: 15000 MT DIESEL | D160: Recived 148 Wagons Diesel | E160: 11117.65 | F160: 39494.7 | H160: =E160*F160 -> 4.3908825e+08 | I160: =G160-H160+I159 -> 3.4434663e+08 | K160: 509.95273 | M160: =E160*K160 -> 5669475.9 | N160: =L160-M160+N159 -> 4446178.9 | P160: 82.5
A161: 159 | C161: 24.04.2026 | D161: Recived to contract 38-М | H161: 2.1377415e+08 | I161: =G161-H161+I160 -> 1.3057248e+08 | K161: 77.447767 | M161: =H161/K161 -> 2760236.4 | N161: =L161-M161+N160 -> 1685942.5
A162: 160 | C162: 29.04.2026 | D162: Recived to contract 38-М | H162: 84080821 | I162: =G162-H162+I161 -> 46491659 | K162: 77.447767 | M162: =H162/K162 -> 1085645.5 | N162: =L162-M162+N161 -> 600296.95
A163: 161 | H163: 46491659 | I163: =G163-H163+I162 -> -0.0019501448 | K163: 77.447767 | M163: =H163/K163 -> 600296.95 | N163: =L163-M163+N162 -> -4.3863547e-05
A164: 162 | I164: =G164-H164+I163 -> -0.0019501448 | N164: =L164-M164+N163 -> -4.3863547e-05
A165: 163 | B165: M-37 | C165: 15000 MT | D165: Recived Gasoline 92 # Avarage April -70 | E165: 14966.95 | F165: 76198.56 | H165: =E165*F165 -> 1.14046e+09 | I165: =G165-H165+I164 -> -1.14046e+09 | K165: 990.01 | M165: =E165*K165 -> 14817430 | N165: =L165-M165+N164 -> -14817430 | P165: 1060.0125
A166: 164 | C166: 24/3/2026 | D166: From contract M-30 | G166: 2375072.9 | I166: =G166-H166+I165 -> -1.138085e+09 | K166: 76.96746 | L166: =G166/K166 -> 30858.143 | N166: =L166-M166+N165 -> -14786572 | P166: =P165-70 -> 990.0125
A167: 165 | C167: 24.03.2026 | D167: From contract 32-М | G167: 23560656 | I167: =G167-H167+I166 -> -1.1145243e+09 | K167: 76.96746 | L167: =G167/K167 -> 306111.91 | N167: =L167-M167+N166 -> -14480460 | P167: 76.889773
A168: 166 | D168: From contract M - 33 | G168: 6890484 | I168: =G168-H168+I167 -> -1.1076338e+09 | K168: 76.96746 | L168: =G168/K168 -> 89524.639 | N168: =L168-M168+N167 -> -14390935 | P168: =P166*P167 -> 76121.836
A169: 167 | C169: 24.03.2026 | D169: Recived to contract M - 37 | G169: 138230580 | I169: =G169-H169+I168 -> -9.6940324e+08 | K169: 76.96746 | L169: =G169/K169 -> 1795961.3 | N169: =L169-M169+N168 -> -12594974
A170: 168 | C170: 25/3/2026 | D170: Paid recipt no 432 by Noorzad Dubai | G170: 200000000 | I170: =G170-H170+I169 -> -7.6940324e+08 | K170: 76.96746 | L170: =G170/K170 -> 2598500.7 | N170: =L170-M170+N169 -> -9996473.5
A171: 169 | C171: 25/3/2026 | D171: Paid recipt no 477 by Noorzad Dubai | G171: 98500000 | I171: =G171-H171+I170 -> -6.7090324e+08 | K171: 76.96746 | L171: =G171/K171 -> 1279761.6 | N171: =L171-M171+N170 -> -8716711.9
A172: 170 | C172: 26/3/2026 | D172: Paid recipt no 437 by Noorzad Dubai | G172: 176426705 | I172: =G172-H172+I171 -> -4.9447654e+08 | K172: 76.96746 | L172: =G172/K172 -> 2292224.6 | N172: =L172-M172+N171 -> -6424487.3
A173: 171 | C173: 30/3/2026 | D173: Paid recipt no 461 by Noorzad Dubai | G173: 300000000 | I173: =G173-H173+I172 -> -1.9447654e+08 | K173: 76.96746 | L173: =G173/K173 -> 3897751.1 | N173: =L173-M173+N172 -> -2526736.2
A174: 172 | C174: 46085 | D174: Paid recipt no 476 by Noorzad Dubai | G174: 300000000 | I174: =G174-H174+I173 -> 1.0552346e+08 | K174: 76.96746 | L174: =G174/K174 -> 3897751.1 | N174: =L174-M174+N173 -> 1371014.9
A175: 173 | D175: Recived to Rent of wagons Account | H175: 96000000 | I175: =G175-H175+I174 -> 9523460.4 | K175: 76.96746 | L175: =G175/K175 -> 0 | M175: =H175/K175 -> 1247280.3 | N175: =L175-M175+N174 -> 123734.55
A176: 174 | H176: =I175 -> 9523460.4 | I176: =G176-H176+I175 -> 0 | K176: 76.96746 | L176: =G176/K176 -> 0 | M176: 121861.22 | N176: =L176-M176+N175 -> 1873.3269
A177: 175 | I177: =G177-H177+I176 -> 0 | M177: 1873 | N177: =L177-M177+N176 -> 0.3269191
A178: 176 | B178: M-38 | C178: 46116 | D178: Paid recipt no 477 by Sarafi Sadra | G178: 200000000 | I178: =G178-H178+I177 -> 200000000 | K178: 76.889804 | L178: =G178/K178 -> 2601125.1 | N178: =L178-M178+N177 -> 2601125.4
A179: 177 | C179: 17/4/2026 | D179: Paid recipt no 521 by Noorzad Dubai | G179: 300000000 | I179: =G179-H179+I178 -> 500000000 | K179: 76.889804 | L179: =G179/K179 -> 3901687.7 | N179: =L179-M179+N178 -> 6502813.1
A180: 178 | C180: 17/4/2026 | D180: Paid recipt no 522 by Noorzad Dubai | G180: 110000000 | I180: =G180-H180+I179 -> 610000000 | K180: 76.889804 | L180: =G180/K180 -> 1430618.8 | N180: =L180-M180+N179 -> 7933431.9
A181: 179 | C181: 10000 MT | D181: Recived Gasoline 92 # Avarage April - 44 | E181: 9982.7 | F181: 78120.81 | H181: =E181*F181 -> 7.7985661e+08 | I181: =G181-H181+I180 -> -1.6985661e+08 | K181: 1016.01 | M181: =E181*K181 -> 10142523 | N181: =L181-M181+N180 -> -2209091.1 | P181: 44
A182: 180 | C182: 24.04.2026 | D182: From contract 35-М | G182: 2.1377415e+08 | I182: =G182-H182+I181 -> 43917539 | K182: 76.889804 | L182: =G182/K182 -> 2780266.5 | N182: =L182-M182+N181 -> 571175.39 | P182: =F181/K181 -> 76.889804
A183: 181 | C183: 29.04.2026 | D183: From contract 35-М | G183: 84080821 | I183: =G183-H183+I182 -> 1.2799836e+08 | K183: 76.889804 | L183: =G183/K183 -> 1093523.7 | N183: =L183-M183+N182 -> 1664699.1
A184: 182 | D184: Recived to Rent of wagons Account | H184: 50000000 | I184: =G184-H184+I183 -> 77998360 | K184: 76.889804 | L184: =G184/K184 -> 0 | M184: =H184/K184 -> 650281.28 | N184: =L184-M184+N183 -> 1014417.8
A185: 183 | H185: 77998360 | I185: =G185-H185+I184 -> 0 | K185: 76.889804 | L185: =G185/K185 -> 0 | M185: =H185/K185 -> 1014417.5 | N185: =L185-M185+N184 -> 0.3269191
A186: 184 | I186: =G186-H186+I185 -> 0 | N186: =L186-M186+N185 -> 0.3269191
A187: 185 | I187: =G187-H187+I186 -> 0 | N187: =L187-M187+N186 -> 0.3269191
A188: 186 | B188: M-39 | C188: 46147 | D188: Paid recipt no 571 by Sarafi Sadra | G188: 200000000 | I188: =G188-H188+I187 -> 200000000 | N188: =L188-M188+N187 -> 0.3269191
A189: 187 | C189: 46147 | D189: Paid recipt no 360 by Norzad Dubai | G189: 160801267 | I189: =G189-H189+I188 -> 360801267 | N189: =L189-M189+N188 -> 0.3269191
A190: 188 | C190: 46178 | D190: Paid recipt no 569 by Norzad Dubai | G190: 158464294 | I190: =G190-H190+I189 -> 519265561 | N190: =L190-M190+N189 -> 0.3269191
A191: 189 | C191: 19/5/2026 | D191: Paid recipt no 7 by Sarafi Sadra | G191: 80000000 | I191: =G191-H191+I190 -> 599265561 | J191: 1135557.1 | N191: =L191-M191+N190 -> 0.3269191
A192: 190 | C192: 22/5/2026 | D192: Paid Recipt no 20 by Noorzad Dubai | G192: 130000000 | I192: =G192-H192+I191 -> 729265561 | N192: =L192-M192+N191 -> 0.3269191
A193: 191 | C193: 46301 | D193: Paid Recipt no 72 by Noorzad Dubai | G193: 250094096 | I193: =G193-H193+I192 -> 979359657 | N193: =L193-M193+N192 -> 0.3269191
A194: 192 | D194: 10000 MT Gasoline # Avarage May - 41 | E194: 9985 | F194: 79355.426 | H194: =E194*F194 -> 7.9236393e+08 | I194: =G194-H194+I193 -> 1.8699573e+08 | N194: =L194-M194+N193 -> 0.3269191 | P194: 1127.1447 | Q194: =1127.14-41 -> 1086.14
A195: 193 | I195: =G195-H195+I194 -> 1.8699573e+08 | N195: =L195-M195+N194 -> 0.3269191 | P195: 73.061876 | Q195: =Q194*P195 -> 79355.426
A196: 194 | I196: =G196-H196+I195 -> 1.8699573e+08 | N196: =L196-M196+N195 -> 0.3269191
A197: 195 | I197: =G197-H197+I196 -> 1.8699573e+08 | N197: =L197-M197+N196 -> 0.3269191
E198: 76006.171
D200: M - 35 | F200: 46491659
D201: M - 37 | F201: 9523460.4 | M201: 19/5/2026 | N201: Recived recipt no 7 to HOMUR BNK | O201: 80000000 | Q201: 70.45 | T201: =O201/Q201 -> 1135557.1
D202: M - 33 | F202: 77998360
D204: Total | F204: =SUM(F200:F203) -> 1.3401348e+08

Sheet Rent 
A1: BNK # Rent of Wagons
A2: No | B2: Date | C2: Details | D2: M-Tone | E2: Unit Price | F2: T-Credit | G2: T-Debit | H2: Balance | J2: Rate | K2: T-Credit | L2: T-Debit | M2: Balance
A25: 23 | C25: Rent of wagons # contract M - 32 | D25: 14145.75 | E25: 6537.9 | G25: =D25*E25 -> 92483499 | H25: =F25-G25+H24 -> -92483499 | J25: 78.3941 | L25: =D25*J25 -> 1108943.3 | M25: =K25-L25+M24 -> -1108943.3
A26: 24 | C26: Rent of wagons # contract M - 33 | D26: 824.171 | E26: 6626.86 | G26: =D26*E26 -> 5461665.8 | H26: =F26-G26+H25 -> -97945165 | J26: 78.3941 | L26: =D26*J26 -> 64610.144 | M26: =K26-L26+M25 -> -1173553.5
A27: 25 | B27: 13/1/2026 | C27: Paid recipt no 2 by Sarafi Noorzad # 400 M | F27: 98061150 | H27: =F27-G27+H26 -> 115985.24 | J27: 77.215566 | K27: =F27/J27 -> 1269966.1 | M27: =K27-L27+M26 -> 96412.607
A28: 26 | B28: 16/1/2026 | C28: Paid recipt no 14 by Monib Omar # 300 M | F28: 38570719 | H28: =F28-G28+H27 -> 38686704 | J28: 77.447767 | K28: =F28/J28 -> 498022.35 | M28: =K28-L28+M27 -> 594434.96
A29: 27 | B29: 23/1/2026 | C29: Paid recipt no 93 by Sarafi Noorzad # 100 M | F29: 11120134 | H29: =F29-G29+H28 -> 49806839 | J29: 77.447767 | K29: =F29/J29 -> 143582.38 | M29: =K29-L29+M28 -> 738017.33
A30: 28 | C30: Contract 15000 MT Gasoline # M - 34 | D30: 14983.95 | E30: 6537.41 | G30: =D30*E30 -> 97956225 | H30: =F30-G30+H29 -> -48149386 | J30: 80 | L30: =D30*J30 -> 1198716 | M30: =K30-L30+M29 -> -460698.67
A31: 29 | B31: 09.02.2026 | C31: Акт взаимозачет №3-М/8-4-13/66 из ДС-32М | F31: 32500168 | H31: =F31-G31+H30 -> -15649218 | J31: 78.400117 | K31: =F31/J31 -> 414542.34 | M31: =K31-L31+M30 -> -46156.321
A32: 30 | B32: 02.02.2026 | C32: Paid recipt no 139 by Noorzad Dubai 150 M | F32: 15870128 | H32: =F32-G32+H31 -> 220910.67 | J32: 77.447767 | K32: =F32/J32 -> 204913.96 | M32: =K32-L32+M31 -> 158757.64
A33: 31 | C33: Contract 15000 MT Diesel # M - 35 | D33: 11117.65 | E33: 6537.41 | G33: =D33*E33 -> 72680636 | H33: =F33-G33+H32 -> -72459726 | J33: 82.5 | L33: =D33*J33 -> 917206.12 | M33: =K33-L33+M32 -> -758448.49
A34: 32 | C34: From contract M - 37 | F34: 96000000 | H34: =F34-G34+H33 -> 23540274 | J34: 76.967271 | K34: =F34/J34 -> 1247283.4 | M34: =K34-L34+M33 -> 488834.92
A35: 33 | C35: Contract 15000 MT Gasoline # M - 37 | D35: 14966.95 | E35: 6383.391 | G35: =D35*E35 -> 95539894 | H35: =F35-G35+H34 -> -71999620 | J35: 85 | L35: =D35*J35 -> 1272190.7 | M35: =K35-L35+M34 -> -783355.83
A36: 34 | C36: From contract M - 38 | F36: 50000000 | H36: =F36-G36+H35 -> -21999620 | J36: 76.889615 | K36: =F36/J36 -> 650282.88 | M36: =K36-L36+M35 -> -133072.95
A37: 35 | C37: Contract 10000 MT Gasoline # M - 38 | D37: 9982.7 | E37: 6714.786 | G37: =D37*E37 -> 67031694 | H37: =F37-G37+H36 -> -89031314 | J37: 84 | L37: =D37*J37 -> 838546.8 | M37: =K37-L37+M36 -> -971619.75
A38: 36 | H38: =F38-G38+H37 -> -89031314 | M38: =K38-L38+M37 -> -971619.75 | P38: =H38/M38 -> 91.631848
A39: 37 | H39: =F39-G39+H38 -> -89031314 | M39: =K39-L39+M38 -> -971619.75
A40: 38 | H40: =F40-G40+H39 -> -89031314 | M40: =K40-L40+M39 -> -971619.75
A41: 39 | H41: =F41-G41+H40 -> -89031314 | M41: =K41-L41+M40 -> -971619.75

Sheet 14170 MT
A1: Contract BNK-KHM/9-4-12/140 dd 29.07.2022, between "BNK-FZCO" (UAE) and "KHUMOR" LLC (KYRGYZ REPUBLIC) | T1: AI-92-K5
A2: ADDENDUM № 32-M dd 17.12.25 (FCA BARBAROV) 14'170 mt
F3: -121,31$
A4: № | B4: Date | C4: RWB No | D4: Wagons No | E4: Loaded quantity (MT) | F4: Price in December 01.12.25-31.12.25 $ | G4: Total | H4: Fix price in rub | I4: Total | J4: Consignee | K4: Destination | M4: transport included in the product price | Q4: Date of arrival of wagons | R4: Date of leak | S4: Quantity | T4: Difference | U4: Remarks
A5: 1 | B5: 46019 | C5: 9109855 | D5: 50035534 | E5: 60.85 | F5: =[1]Platts2025!AD34-121.31 -> 530.57095 | G5: =E5*F5 -> 32285.242 | H5: 48581.26 | I5: =E5*H5 -> 2956169.7 | J5: Terminal Ilinka | K5: Barbarov | R5: 46026 | S5: 61.011 | T5: =S5-E5 -> 0.161
A6: =A5+1 -> 2 | B6: 46019 | C6: 9109855 | D6: 50393693 | E6: 61.05 | F6: 530.57 | G6: =E6*F6 -> 32391.299 | H6: 48581.26 | I6: =E6*H6 -> 2965885.9 | J6: Terminal Ilinka | K6: Barbarov | R6: 46026 | S6: 60.818 | T6: =S6-E6 -> -0.232
A7: =A6+1 -> 3 | B7: 46019 | C7: 9109858 | D7: 50424894 | E7: 61.4 | F7: 530.57 | G7: =E7*F7 -> 32576.998 | H7: 48581.26 | I7: =E7*H7 -> 2982889.4 | J7: Terminal Ilinka | K7: Barbarov | R7: 46026 | S7: 61.705 | T7: =S7-E7 -> 0.305
A8: =A7+1 -> 4 | B8: 46019 | C8: 9109855 | D8: 50428069 | E8: 61.05 | F8: 530.57 | G8: =E8*F8 -> 32391.299 | H8: 48581.26 | I8: =E8*H8 -> 2965885.9 | J8: Terminal Ilinka | K8: Barbarov | R8: 46026 | S8: 61.12 | T8: =S8-E8 -> 0.07
A9: =A8+1 -> 5 | B9: 46019 | C9: 9109859 | D9: 50464981 | E9: 53 | F9: 530.57 | G9: =E9*F9 -> 28120.21 | H9: 48581.26 | I9: =E9*H9 -> 2574806.8 | J9: Terminal Ilinka | K9: Barbarov
A10: =A9+1 -> 6 | B10: 46019 | C10: 9109857 | D10: 50480961 | E10: 61 | F10: 530.57 | G10: =E10*F10 -> 32364.77 | H10: 48581.26 | I10: =E10*H10 -> 2963456.9 | J10: Terminal Ilinka | K10: Barbarov | R10: 46026 | S10: 61.539 | T10: =S10-E10 -> 0.539
A11: =A10+1 -> 7 | B11: 46019 | C11: 9109855 | D11: 50497171 | E11: 61 | F11: 530.57 | G11: =E11*F11 -> 32364.77 | H11: 48581.26 | I11: =E11*H11 -> 2963456.9 | J11: Terminal Ilinka | K11: Barbarov | R11: 46026 | S11: 61.098 | T11: =S11-E11 -> 0.098
A12: =A11+1 -> 8 | B12: 46019 | C12: 9109858 | D12: 50723840 | E12: 60.85 | F12: 530.57 | G12: =E12*F12 -> 32285.185 | H12: 48581.26 | I12: =E12*H12 -> 2956169.7 | J12: Terminal Ilinka | K12: Barbarov
A13: =A12+1 -> 9 | B13: 46019 | C13: 9109858 | D13: 50723907 | E13: 60.8 | F13: 530.57 | G13: =E13*F13 -> 32258.656 | H13: 48581.26 | I13: =E13*H13 -> 2953740.6 | J13: Terminal Ilinka | K13: Barbarov
A14: =A13+1 -> 10 | B14: 46019 | C14: 9109858 | D14: 50751890 | E14: 61.3 | F14: 530.57 | G14: =E14*F14 -> 32523.941 | H14: 48581.26 | I14: =E14*H14 -> 2978031.2 | J14: Terminal Ilinka | K14: Barbarov | R14: 46026 | S14: 61.467 | T14: =S14-E14 -> 0.167
A15: =A14+1 -> 11 | B15: 46019 | C15: 9109855 | D15: 51378982 | E15: 51.95 | F15: 530.57 | G15: =E15*F15 -> 27563.112 | H15: 48581.26 | I15: =E15*H15 -> 2523796.5 | J15: Terminal Ilinka | K15: Barbarov | R15: 46029 | S15: 51.753 | T15: =S15-E15 -> -0.197
A16: =A15+1 -> 12 | B16: 46019 | C16: 9109858 | D16: 51411882 | E16: 60.65 | F16: 530.57 | G16: =E16*F16 -> 32179.071 | H16: 48581.26 | I16: =E16*H16 -> 2946453.4 | J16: Terminal Ilinka | K16: Barbarov
A17: =A16+1 -> 13 | B17: 46019 | C17: 9109855 | D17: 51435709 | E17: 52.55 | F17: 530.57 | G17: =E17*F17 -> 27881.453 | H17: 48581.26 | I17: =E17*H17 -> 2552945.2 | J17: Terminal Ilinka | K17: Barbarov | R17: 46026 | S17: 52.638 | T17: =S17-E17 -> 0.088
A18: =A17+1 -> 14 | B18: 46019 | C18: 9109858 | D18: 51458354 | E18: 60.55 | F18: 530.57 | G18: =E18*F18 -> 32126.014 | H18: 48581.26 | I18: =E18*H18 -> 2941595.3 | J18: Terminal Ilinka | K18: Barbarov | R18: 46026 | S18: 61.061 | T18: =S18-E18 -> 0.511
A19: =A18+1 -> 15 | B19: 46019 | C19: 9109858 | D19: 51664332 | E19: 52.25 | F19: 530.57 | G19: =E19*F19 -> 27722.283 | H19: 48581.26 | I19: =E19*H19 -> 2538370.8 | J19: Terminal Ilinka | K19: Barbarov
A20: =A19+1 -> 16 | B20: 46019 | C20: 9109858 | D20: 51722726 | E20: 51.85 | F20: 530.57 | G20: =E20*F20 -> 27510.055 | H20: 48581.26 | I20: =E20*H20 -> 2518938.3 | J20: Terminal Ilinka | K20: Barbarov | R20: 46026 | S20: 51.808 | T20: =S20-E20 -> -0.042
A21: =A20+1 -> 17 | B21: 46019 | C21: 9109859 | D21: 51887388 | E21: 61.35 | F21: 530.57 | G21: =E21*F21 -> 32550.47 | H21: 48581.26 | I21: =E21*H21 -> 2980460.3 | J21: Terminal Ilinka | K21: Barbarov
A22: =A21+1 -> 18 | B22: 46019 | C22: 9109859 | D22: 53888053 | E22: 60.85 | F22: 530.57 | G22: =E22*F22 -> 32285.185 | H22: 48581.26 | I22: =E22*H22 -> 2956169.7 | J22: Terminal Ilinka | K22: Barbarov
A23: =A22+1 -> 19 | B23: 46019 | C23: 9109859 | D23: 53974952 | E23: 51.5 | F23: 530.57 | G23: =E23*F23 -> 27324.355 | H23: 48581.26 | I23: =E23*H23 -> 2501934.9 | J23: Terminal Ilinka | K23: Barbarov
A24: =A23+1 -> 20 | B24: 46019 | C24: 9109859 | D24: 53985446 | E24: 52.5 | F24: 530.57 | G24: =E24*F24 -> 27854.925 | H24: 48581.26 | I24: =E24*H24 -> 2550516.1 | J24: Terminal Ilinka | K24: Barbarov
A25: =A24+1 -> 21 | B25: 46019 | C25: 9109855 | D25: 54070867 | E25: 60.8 | F25: 530.57 | G25: =E25*F25 -> 32258.656 | H25: 48581.26 | I25: =E25*H25 -> 2953740.6 | J25: Terminal Ilinka | K25: Barbarov | R25: 46026 | S25: 60.916 | T25: =S25-E25 -> 0.116
A26: =A25+1 -> 22 | B26: 46019 | C26: 9109858 | D26: 54240213 | E26: 61.35 | F26: 530.57 | G26: =E26*F26 -> 32550.47 | H26: 48581.26 | I26: =E26*H26 -> 2980460.3 | J26: Terminal Ilinka | K26: Barbarov
A27: =A26+1 -> 23 | B27: 46019 | C27: 9109858 | D27: 54253109 | E27: 61.25 | F27: 530.57 | G27: =E27*F27 -> 32497.413 | H27: 48581.26 | I27: =E27*H27 -> 2975602.2 | J27: Terminal Ilinka | K27: Barbarov | R27: 46026 | S27: 61.539 | T27: =S27-E27 -> 0.289
A28: =A27+1 -> 24 | B28: 46019 | C28: 9109859 | D28: 55945927 | E28: 61.3 | F28: 530.57 | G28: =E28*F28 -> 32523.941 | H28: 48581.26 | I28: =E28*H28 -> 2978031.2 | J28: Terminal Ilinka | K28: Barbarov
A29: =A28+1 -> 25 | B29: 46019 | C29: 9109859 | D29: 57227969 | E29: 61.25 | F29: 530.57 | G29: =E29*F29 -> 32497.413 | H29: 48581.26 | I29: =E29*H29 -> 2975602.2 | J29: Terminal Ilinka | K29: Barbarov
A30: =A29+1 -> 26 | B30: 46019 | C30: 9109859 | D30: 57353153 | E30: 52.85 | F30: 530.57 | G30: =E30*F30 -> 28040.625 | H30: 48581.26 | I30: =E30*H30 -> 2567519.6 | J30: Terminal Ilinka | K30: Barbarov
A31: =A30+1 -> 27 | B31: 46019 | C31: 9109855 | D31: 57417883 | E31: 60.85 | F31: 530.57 | G31: =E31*F31 -> 32285.185 | H31: 48581.26 | I31: =E31*H31 -> 2956169.7 | J31: Terminal Ilinka | K31: Barbarov | R31: 46026 | S31: 60.783 | T31: =S31-E31 -> -0.067
A32: =A31+1 -> 28 | B32: 46019 | C32: 9109859 | D32: 57424491 | E32: 60.75 | F32: 530.57 | G32: =E32*F32 -> 32232.128 | H32: 48581.26 | I32: =E32*H32 -> 2951311.5 | J32: Terminal Ilinka | K32: Barbarov
A33: =A32+1 -> 29 | B33: 46019 | C33: 9109857 | D33: 58345307 | E33: 60.85 | F33: 530.57 | G33: =E33*F33 -> 32285.185 | H33: 48581.26 | I33: =E33*H33 -> 2956169.7 | J33: Terminal Ilinka | K33: Barbarov | R33: 46026 | S33: 60.567 | T33: =S33-E33 -> -0.283
A34: =A33+1 -> 30 | B34: 46019 | C34: 9109855 | D34: 73019945 | E34: 61.35 | F34: 530.57 | G34: =E34*F34 -> 32550.47 | H34: 48581.26 | I34: =E34*H34 -> 2980460.3 | J34: Terminal Ilinka | K34: Barbarov | R34: 46026 | S34: 59.937 | T34: =S34-E34 -> -1.413
A35: =A34+1 -> 31 | B35: 46019 | C35: 9109855 | D35: 73022477 | E35: 61.4 | F35: 530.57 | G35: =E35*F35 -> 32576.998 | H35: 48581.26 | I35: =E35*H35 -> 2982889.4 | J35: Terminal Ilinka | K35: Barbarov | R35: 46029 | S35: 61.149 | T35: =S35-E35 -> -0.251
A36: =A35+1 -> 32 | B36: 46019 | C36: 9109857 | D36: 73072340 | E36: 61.35 | F36: 530.57 | G36: =E36*F36 -> 32550.47 | H36: 48581.26 | I36: =E36*H36 -> 2980460.3 | J36: Terminal Ilinka | K36: Barbarov | R36: 46026 | S36: 61.212 | T36: =S36-E36 -> -0.138
A37: =A36+1 -> 33 | B37: 46019 | C37: 9109857 | D37: 73081275 | E37: 61.55 | F37: 530.57 | G37: =E37*F37 -> 32656.584 | H37: 48581.26 | I37: =E37*H37 -> 2990176.6 | J37: Terminal Ilinka | K37: Barbarov | R37: 46026 | S37: 61.403 | T37: =S37-E37 -> -0.147
A38: =A37+1 -> 34 | B38: 46019 | C38: 9109858 | D38: 73098600 | E38: 61.35 | F38: 530.57 | G38: =E38*F38 -> 32550.47 | H38: 48581.26 | I38: =E38*H38 -> 2980460.3 | J38: Terminal Ilinka | K38: Barbarov
A39: =A38+1 -> 35 | B39: 46019 | C39: 9109857 | D39: 73109662 | E39: 61.45 | F39: 530.57 | G39: =E39*F39 -> 32603.527 | H39: 48581.26 | I39: =E39*H39 -> 2985318.4 | J39: Terminal Ilinka | K39: Barbarov | R39: 46026 | S39: 61.351 | T39: =S39-E39 -> -0.099
A40: =A39+1 -> 36 | B40: 46019 | C40: 9109855 | D40: 73117988 | E40: 61.3 | F40: 530.57 | G40: =E40*F40 -> 32523.941 | H40: 48581.26 | I40: =E40*H40 -> 2978031.2 | J40: Terminal Ilinka | K40: Barbarov | R40: 46029 | S40: 61.428 | T40: =S40-E40 -> 0.128
A41: =A40+1 -> 37 | B41: 46019 | C41: 9109855 | D41: 73118671 | E41: 61.45 | F41: 530.57 | G41: =E41*F41 -> 32603.527 | H41: 48581.26 | I41: =E41*H41 -> 2985318.4 | J41: Terminal Ilinka | K41: Barbarov | R41: 46026 | S41: 61.473 | T41: =S41-E41 -> 0.023
A42: =A41+1 -> 38 | B42: 46019 | C42: 9109857 | D42: 73119653 | E42: 61.65 | F42: 530.57 | G42: =E42*F42 -> 32709.641 | H42: 48581.26 | I42: =E42*H42 -> 2995034.7 | J42: Terminal Ilinka | K42: Barbarov | R42: 46026 | S42: 61.481 | T42: =S42-E42 -> -0.169
A43: =A42+1 -> 39 | B43: 46019 | C43: 9109855 | D43: 73136004 | E43: 61.55 | F43: 530.57 | G43: =E43*F43 -> 32656.584 | H43: 48581.26 | I43: =E43*H43 -> 2990176.6 | J43: Terminal Ilinka | K43: Barbarov | R43: 46029 | S43: 61.271 | T43: =S43-E43 -> -0.279
A44: =A43+1 -> 40 | B44: 46019 | C44: 9109855 | D44: 73221905 | E44: 61.55 | F44: 530.57 | G44: =E44*F44 -> 32656.584 | H44: 48581.26 | I44: =E44*H44 -> 2990176.6 | J44: Terminal Ilinka | K44: Barbarov | R44: 46026 | S44: 61.473 | T44: =S44-E44 -> -0.077
A45: =A44+1 -> 41 | B45: 46019 | C45: 9109859 | D45: 74905373 | E45: 61.25 | F45: 530.57 | G45: =E45*F45 -> 32497.413 | H45: 48581.26 | I45: =E45*H45 -> 2975602.2 | J45: Terminal Ilinka | K45: Barbarov
A46: =A45+1 -> 42 | B46: 46019 | C46: 9109858 | D46: 75011528 | E46: 60.85 | F46: 530.57 | G46: =E46*F46 -> 32285.185 | H46: 48581.26 | I46: =E46*H46 -> 2956169.7 | J46: Terminal Ilinka | K46: Barbarov
A47: =A46+1 -> 43 | B47: 46019 | C47: 9109859 | D47: 75062224 | E47: 61.2 | F47: 530.57 | G47: =E47*F47 -> 32470.884 | H47: 48581.26 | I47: =E47*H47 -> 2973173.1 | J47: Terminal Ilinka | K47: Barbarov
A48: =A47+1 -> 44 | B48: 46019 | C48: 9109859 | D48: 75071811 | E48: 60.9 | F48: 530.57 | G48: =E48*F48 -> 32311.713 | H48: 48581.26 | I48: =E48*H48 -> 2958598.7 | J48: Terminal Ilinka | K48: Barbarov
A49: =A48+1 -> 45 | B49: 46019 | C49: 9109858 | D49: 75072363 | E49: 61.3 | F49: 530.57 | G49: =E49*F49 -> 32523.941 | H49: 48581.26 | I49: =E49*H49 -> 2978031.2 | J49: Terminal Ilinka | K49: Barbarov
A50: =A49+1 -> 46 | B50: 46019 | C50: 9109855 | D50: 75088104 | E50: 61.4 | F50: 530.57 | G50: =E50*F50 -> 32576.998 | H50: 48581.26 | I50: =E50*H50 -> 2982889.4 | J50: Terminal Ilinka | K50: Barbarov | R50: 46026 | S50: 61.293 | T50: =S50-E50 -> -0.107
A51: =A50+1 -> 47 | B51: 46019 | C51: 9109859 | D51: 75089912 | E51: 61.65 | F51: 530.57 | G51: =E51*F51 -> 32709.641 | H51: 48581.26 | I51: =E51*H51 -> 2995034.7 | J51: Terminal Ilinka | K51: Barbarov
A52: =A51+1 -> 48 | B52: 46019 | C52: 9109858 | D52: 75123422 | E52: 61.25 | F52: 530.57 | G52: =E52*F52 -> 32497.413 | H52: 48581.26 | I52: =E52*H52 -> 2975602.2 | J52: Terminal Ilinka | K52: Barbarov
A53: =A52+1 -> 49 | B53: 46019 | C53: 9109855 | D53: 75211607 | E53: 61.8 | F53: 530.57 | G53: =E53*F53 -> 32789.226 | H53: 48581.26 | I53: =E53*H53 -> 3002321.9 | J53: Terminal Ilinka | K53: Barbarov | R53: 46026 | S53: 61.802 | T53: =S53-E53 -> 0.002
A54: =A53+1 -> 50 | B54: 46019 | C54: 9109855 | D54: 75261305 | E54: 61.8 | F54: 530.57 | G54: =E54*F54 -> 32789.226 | H54: 48581.26 | I54: =E54*H54 -> 3002321.9 | J54: Terminal Ilinka | K54: Barbarov
A55: =A54+1 -> 51 | B55: 46019 | C55: 9109859 | D55: 75421297 | E55: 61.8 | F55: 530.57 | G55: =E55*F55 -> 32789.226 | H55: 48581.26 | I55: =E55*H55 -> 3002321.9 | J55: Terminal Ilinka | K55: Barbarov
A56: =A55+1 -> 52 | B56: 46019 | C56: 9109859 | D56: 75488791 | E56: 61.9 | F56: 530.57 | G56: =E56*F56 -> 32842.283 | H56: 48581.26 | I56: =E56*H56 -> 3007180 | J56: Terminal Ilinka | K56: Barbarov
A57: =A56+1 -> 53 | B57: 46019 | C57: 9109855 | D57: 76177195 | E57: 61.6 | F57: 530.57 | G57: =E57*F57 -> 32683.112 | H57: 48581.26 | I57: =E57*H57 -> 2992605.6 | J57: Terminal Ilinka | K57: Barbarov | R57: 46026 | S57: 61.477 | T57: =S57-E57 -> -0.123
A58: =A57+1 -> 54 | B58: 46019 | C58: 9109857 | D58: 76507292 | E58: 61.65 | F58: 530.57 | G58: =E58*F58 -> 32709.641 | H58: 48581.26 | I58: =E58*H58 -> 2995034.7 | J58: Terminal Ilinka | K58: Barbarov | R58: 46026 | S58: 61.823 | T58: =S58-E58 -> 0.173
A59: =A58+1 -> 55 | B59: 46019 | C59: 9109858 | D59: 76609593 | E59: 61.8 | F59: 530.57 | G59: =E59*F59 -> 32789.226 | H59: 48581.26 | I59: =E59*H59 -> 3002321.9 | J59: Terminal Ilinka | K59: Barbarov
A60: 56 | B60: 46020 | C60: 9109865 | D60: 50409358 | E60: 61 | F60: 530.57 | G60: =E60*F60 -> 32364.77 | H60: 48581.26 | I60: =E60*H60 -> 2963456.9 | J60: Terminal Ilinka | K60: Barbarov | R60: 46029 | S60: 60.55 | T60: =S60-E60 -> -0.45
A61: =A60+1 -> 57 | B61: 46020 | C61: 9109865 | D61: 51200202 | E61: 61 | F61: 530.57 | G61: =E61*F61 -> 32364.77 | H61: 48581.26 | I61: =E61*H61 -> 2963456.9 | J61: Terminal Ilinka | K61: Barbarov | R61: 46039 | S61: 60.611 | T61: =S61-E61 -> -0.389
A62: =A61+1 -> 58 | B62: 46020 | C62: 9109864 | D62: 51813731 | E62: 61.1 | F62: 530.57 | G62: =E62*F62 -> 32417.827 | H62: 48581.26 | I62: =E62*H62 -> 2968315 | J62: Terminal Ilinka | K62: Barbarov | R62: 46029 | S62: 61.064 | T62: =S62-E62 -> -0.036
A63: =A62+1 -> 59 | B63: 46020 | C63: 9109861 | D63: 54046578 | E63: 60.9 | F63: 530.57 | G63: =E63*F63 -> 32311.713 | H63: 48581.26 | I63: =E63*H63 -> 2958598.7 | J63: Terminal Ilinka | K63: Barbarov | R63: 46029 | S63: 51.088 | T63: =S63-E63 -> -9.812
A64: =A63+1 -> 60 | B64: 46020 | C64: 9109860 | D64: 54702162 | E64: 61.45 | F64: 530.57 | G64: =E64*F64 -> 32603.527 | H64: 48581.26 | I64: =E64*H64 -> 2985318.4 | J64: Terminal Ilinka | K64: Barbarov
A65: =A64+1 -> 61 | B65: 46020 | C65: 9109863 | D65: 57464398 | E65: 60.9 | F65: 530.57 | G65: =E65*F65 -> 32311.713 | H65: 48581.26 | I65: =E65*H65 -> 2958598.7 | J65: Terminal Ilinka | K65: Barbarov | R65: 46029 | S65: 60.967 | T65: =S65-E65 -> 0.067
A66: =A65+1 -> 62 | B66: 46020 | C66: 9109862 | D66: 57969149 | E66: 61.1 | F66: 530.57 | G66: =E66*F66 -> 32417.827 | H66: 48581.26 | I66: =E66*H66 -> 2968315 | J66: Terminal Ilinka | K66: Barbarov | R66: 46029 | S66: 60.658 | T66: =S66-E66 -> -0.442
A67: =A66+1 -> 63 | B67: 46020 | C67: 9109865 | D67: 58345158 | E67: 60.85 | F67: 530.57 | G67: =E67*F67 -> 32285.185 | H67: 48581.26 | I67: =E67*H67 -> 2956169.7 | J67: Terminal Ilinka | K67: Barbarov | R67: 46029 | S67: 60.639 | T67: =S67-E67 -> -0.211
A68: =A67+1 -> 64 | B68: 46020 | C68: 9109865 | D68: 73001844 | E68: 61.4 | F68: 530.57 | G68: =E68*F68 -> 32576.998 | H68: 48581.26 | I68: =E68*H68 -> 2982889.4 | J68: Terminal Ilinka | K68: Barbarov | R68: 46029 | S68: 61.102 | T68: =S68-E68 -> -0.298
A69: =A68+1 -> 65 | B69: 46020 | C69: 9109865 | D69: 76599091 | E69: 61.7 | F69: 530.57 | G69: =E69*F69 -> 32736.169 | H69: 48581.26 | I69: =E69*H69 -> 2997463.7 | J69: Terminal Ilinka | K69: Barbarov | R69: 46029 | S69: 61.631 | T69: =S69-E69 -> -0.069
A70: 66 | B70: 46020 | C70: 9109866 | D70: 50041151 | E70: 61.05 | F70: 530.57 | G70: =E70*F70 -> 32391.299 | H70: 48581.26 | I70: =E70*H70 -> 2965885.9 | J70: Terminal Ilinka | K70: Barbarov
A71: =A70+1 -> 67 | B71: 46020 | C71: 9109866 | D71: 73046732 | E71: 61.8 | F71: 530.57 | G71: =E71*F71 -> 32789.226 | H71: 48581.26 | I71: =E71*H71 -> 3002321.9 | J71: Terminal Ilinka | K71: Barbarov
A72: =A71+1 -> 68 | B72: 46020 | C72: 9109866 | D72: 73081861 | E72: 61.5 | F72: 530.57 | G72: =E72*F72 -> 32630.055 | H72: 48581.26 | I72: =E72*H72 -> 2987747.5 | J72: Terminal Ilinka | K72: Barbarov
A73: =A72+1 -> 69 | B73: 46020 | C73: 9109866 | D73: 73106858 | E73: 61.85 | F73: 530.57 | G73: =E73*F73 -> 32815.755 | H73: 48581.26 | I73: =E73*H73 -> 3004750.9 | J73: Terminal Ilinka | K73: Barbarov
A74: =A73+1 -> 70 | B74: 46020 | C74: 9109866 | D74: 73114639 | E74: 61.65 | F74: 530.57 | G74: =E74*F74 -> 32709.641 | H74: 48581.26 | I74: =E74*H74 -> 2995034.7 | J74: Terminal Ilinka | K74: Barbarov
A75: =A74+1 -> 71 | B75: 46020 | C75: 9109866 | D75: 73172256 | E75: 61.75 | F75: 530.57 | G75: =E75*F75 -> 32762.698 | H75: 48581.26 | I75: =E75*H75 -> 2999892.8 | J75: Terminal Ilinka | K75: Barbarov
A76: =A75+1 -> 72 | B76: 46020 | C76: 9109866 | D76: 73172363 | E76: 61.6 | F76: 530.57 | G76: =E76*F76 -> 32683.112 | H76: 48581.26 | I76: =E76*H76 -> 2992605.6 | J76: Terminal Ilinka | K76: Barbarov
A77: =A76+1 -> 73 | B77: 46020 | C77: 9109866 | D77: 75716696 | E77: 62.05 | F77: 530.57 | G77: =E77*F77 -> 32921.869 | H77: 48581.26 | I77: =E77*H77 -> 3014467.2 | J77: Terminal Ilinka | K77: Barbarov
A78: 74 | B78: 46020 | C78: 9109873 | D78: 50721208 | E78: 61.1 | F78: 530.57 | G78: =E78*F78 -> 32417.827 | H78: 48581.26 | I78: =E78*H78 -> 2968315 | J78: Terminal Ilinka | K78: Barbarov | R78: 46028 | S78: 61.183 | T78: =S78-E78 -> 0.083
A79: =A78+1 -> 75 | B79: 46020 | C79: 9109872 | D79: 50788918 | E79: 51.8 | F79: 530.57 | G79: =E79*F79 -> 27483.526 | H79: 48581.26 | I79: =E79*H79 -> 2516509.3 | J79: Terminal Ilinka | K79: Barbarov | R79: 46032 | S79: 53.729 | T79: =S79-E79 -> 1.929
A80: =A79+1 -> 76 | B80: 46020 | C80: 9109873 | D80: 51181485 | E80: 61.15 | F80: 530.57 | G80: =E80*F80 -> 32444.356 | H80: 48581.26 | I80: =E80*H80 -> 2970744 | J80: Terminal Ilinka | K80: Barbarov | R80: 46028 | S80: 61.438 | T80: =S80-E80 -> 0.288
A81: =A80+1 -> 77 | B81: 46020 | C81: 9109873 | D81: 51230217 | E81: 61.15 | F81: 530.57 | G81: =E81*F81 -> 32444.356 | H81: 48581.26 | I81: =E81*H81 -> 2970744 | J81: Terminal Ilinka | K81: Barbarov | R81: 46028 | S81: 61.364 | T81: =S81-E81 -> 0.214
A82: =A81+1 -> 78 | B82: 46020 | C82: 9109872 | D82: 51412740 | E82: 60.85 | F82: 530.57 | G82: =E82*F82 -> 32285.185 | H82: 48581.26 | I82: =E82*H82 -> 2956169.7 | J82: Terminal Ilinka | K82: Barbarov | R82: 46028 | S82: 60.876 | T82: =S82-E82 -> 0.026
A83: =A82+1 -> 79 | B83: 46020 | C83: 9109871 | D83: 51513356 | E83: 52.5 | F83: 530.57 | G83: =E83*F83 -> 27854.925 | H83: 48581.26 | I83: =E83*H83 -> 2550516.1 | J83: Terminal Ilinka | K83: Barbarov | R83: 46030 | S83: 51.828 | T83: =S83-E83 -> -0.672
A84: =A83+1 -> 80 | B84: 46020 | C84: 9109872 | D84: 51525921 | E84: 52.7 | F84: 530.57 | G84: =E84*F84 -> 27961.039 | H84: 48581.26 | I84: =E84*H84 -> 2560232.4 | J84: Terminal Ilinka | K84: Barbarov | R84: 46028 | S84: 52.887 | T84: =S84-E84 -> 0.187
A85: =A84+1 -> 81 | B85: 46020 | C85: 9109871 | D85: 51600005 | E85: 51.75 | F85: 530.57 | G85: =E85*F85 -> 27456.998 | H85: 48581.26 | I85: =E85*H85 -> 2514080.2 | J85: Terminal Ilinka | K85: Barbarov | R85: 46030 | S85: 51.111 | T85: =S85-E85 -> -0.639
A86: =A85+1 -> 82 | B86: 46020 | C86: 9109872 | D86: 51634137 | E86: 51.75 | F86: 530.57 | G86: =E86*F86 -> 27456.998 | H86: 48581.26 | I86: =E86*H86 -> 2514080.2 | J86: Terminal Ilinka | K86: Barbarov | R86: 46032 | S86: 51.984 | T86: =S86-E86 -> 0.234
A87: =A86+1 -> 83 | B87: 46020 | C87: 9109871 | D87: 51769784 | E87: 53.35 | F87: 530.57 | G87: =E87*F87 -> 28305.91 | H87: 48581.26 | I87: =E87*H87 -> 2591810.2 | J87: Terminal Ilinka | K87: Barbarov | R87: 46030 | S87: 53.383 | T87: =S87-E87 -> 0.033
A88: =A87+1 -> 84 | B88: 46020 | C88: 9109871 | D88: 53936779 | E88: 51.8 | F88: 530.57 | G88: =E88*F88 -> 27483.526 | H88: 48581.26 | I88: =E88*H88 -> 2516509.3 | J88: Terminal Ilinka | K88: Barbarov | R88: 46030 | S88: 51.561 | T88: =S88-E88 -> -0.239
A89: =A88+1 -> 85 | B89: 46020 | C89: 9109872 | D89: 54692405 | E89: 61.5 | F89: 530.57 | G89: =E89*F89 -> 32630.055 | H89: 48581.26 | I89: =E89*H89 -> 2987747.5 | J89: Terminal Ilinka | K89: Barbarov | R89: 46028 | S89: 61.351 | T89: =S89-E89 -> -0.149
A90: =A89+1 -> 86 | B90: 46020 | C90: 9109871 | D90: 55655237 | E90: 61.3 | F90: 530.57 | G90: =E90*F90 -> 32523.941 | H90: 48581.26 | I90: =E90*H90 -> 2978031.2 | J90: Terminal Ilinka | K90: Barbarov | R90: 46030 | S90: 60.566 | T90: =S90-E90 -> -0.734
... A119: =A118+1 -> 115 | B119: 46020 | C119: 9109872 | D119: 76911494 | E119: 62.05 | F119: 530.57 | G119: =E119*F119 -> 32921.869 | H119: 48581.26 | I119: =E119*H119 -> 3014467.2 | J119: Terminal Ilinka | K119: Barbarov | R119: 46032 | S119: 61.835 | T119: =S119-E119 -> -0.215
A121: 116 | B121: 46021 | C121: 09109874 | D121: 54695697 | E121: 61.55 | F121: 530.57 | G121: =E121*F121 -> 32656.584 | H121: 48581.26 | I121: =E121*H121 -> 2990176.6 | J121: Terminal Ilinka | K121: Barbarov | R121: 46032 | S121: 61.206 | T121: =S121-E121 -> -0.344
A122: =A121+1 -> 117 | B122: 46021 | C122: 09109874 | D122: 55950380 | E122: 61.55 | F122: 530.57 | G122: =E122*F122 -> 32656.584 | H122: 48581.26 | I122: =E122*H122 -> 2990176.6 | J122: Terminal Ilinka | K122: Barbarov | R122: 46032 | S122: 61.322 | T122: =S122-E122 -> -0.228
A123: =A122+1 -> 118 | B123: 46021 | C123: 09109874 | D123: 57423196 | E123: 61.15 | F123: 530.57 | G123: =E123*F123 -> 32444.356 | H123: 48581.26 | I123: =E123*H123 -> 2970744 | J123: Terminal Ilinka | K123: Barbarov | R123: 46031 | S123: 61.305 | T123: =S123-E123 -> 0.155
A124: =A123+1 -> 119 | B124: 46021 | C124: 09109874 | D124: 73023525 | E124: 61.5 | F124: 530.57 | G124: =E124*F124 -> 32630.055 | H124: 48581.26 | I124: =E124*H124 -> 2987747.5 | J124: Terminal Ilinka | K124: Barbarov | R124: 46032 | S124: 61.145 | T124: =S124-E124 -> -0.355
A125: =A124+1 -> 120 | B125: 46021 | C125: 09109874 | D125: 74998006 | E125: 62.8 | F125: 530.57 | G125: =E125*F125 -> 33319.796 | H125: 48581.26 | I125: =E125*H125 -> 3050903.1 | J125: Terminal Ilinka | K125: Barbarov | R125: 46032 | S125: 62.644 | T125: =S125-E125 -> -0.156
A126: =A125+1 -> 121 | B126: 46021 | C126: 09109874 | D126: 75053520 | E126: 61.55 | F126: 530.57 | G126: =E126*F126 -> 32656.584 | H126: 48581.26 | I126: =E126*H126 -> 2990176.6 | J126: Terminal Ilinka | K126: Barbarov | R126: 46032 | S126: 61.401 | T126: =S126-E126 -> -0.149
A127: =A126+1 -> 122 | B127: 46021 | C127: 09109874 | D127: 75260646 | E127: 61.95 | F127: 530.57 | G127: =E127*F127 -> 32868.812 | H127: 48581.26 | I127: =E127*H127 -> 3009609.1 | J127: Terminal Ilinka | K127: Barbarov | R127: 46032 | S127: 61.695 | T127: =S127-E127 -> -0.255
A128: =A127+1 -> 123 | B128: 46021 | C128: 09109874 | D128: 75261057 | E128: 62.1 | F128: 530.57 | G128: =E128*F128 -> 32948.397 | H128: 48581.26 | I128: =E128*H128 -> 3016896.2 | J128: Terminal Ilinka | K128: Barbarov | R128: 46032 | S128: 61.818 | T128: =S128-E128 -> -0.282
A129: =A128+1 -> 124 | B129: 46021 | C129: 09109874 | D129: 75261347 | E129: 62.05 | F129: 530.57 | G129: =E129*F129 -> 32921.869 | H129: 48581.26 | I129: =E129*H129 -> 3014467.2 | J129: Terminal Ilinka | K129: Barbarov | R129: 46032 | S129: 61.81 | T129: =S129-E129 -> -0.24
...

Sheet 830 MT
A1: Contract BNK-KHM/9-4-12/140 dd 29.07.2022, between "BNK-FZCO" (UAE) and "KHUMOR" LLC (KYRGYZ REPUBLIC) | T1: AI-92-K5
A2: ADDENDUM № 33-M dd 17.12.25 (FCA NOVOPOLOTSK) 830 mt
F3: -122,43$
A4: № | B4: Date | C4: RWB No | D4: Wagons No | E4: Loaded quantity (MT) | F4: Price in December 01.12.25-31.12.25 $ | G4: Total | H4: Fix price in rub | I4: Total | J4: Consignee | K4: Destination | M4: transport included in the product price | Q4: Date of arrival of wagons | R4: Date of leak | S4: Quantity | T4: Difference | U4: Remarks
A5: 1 | B5: 46031 | C5: 9983074 | D5: 50197284 | E5: 56.243 | F5: =[1]Platts2025!AH34-122.43 -> 512.33471 | G5: =E5*F5 -> 28815.241 | H5: 41508.94 | I5: =E5*H5 -> 2334587.3 | J5: Terminal Ilinka | K5: Novopolotsk | R5: 46040 | S5: 56.647 | T5: =S5-E5 -> 0.404
A6: =A5+1 -> 2 | B6: 46031 | C6: 9983074 | D6: 51147684 | E6: 57.546 | F6: 488.82 | G6: =E6*F6 -> 28129.636 | H6: 41508.94 | I6: =E6*H6 -> 2388673.5 | J6: Terminal Ilinka | K6: Novopolotsk | R6: 46040 | S6: 57.754 | T6: =S6-E6 -> 0.208
A7: =A6+1 -> 3 | B7: 46031 | C7: 9983074 | D7: 51867471 | E7: 57.445 | F7: 488.82 | G7: =E7*F7 -> 28080.265 | H7: 41508.94 | I7: =E7*H7 -> 2384481.1 | J7: Terminal Ilinka | K7: Novopolotsk | R7: 46040 | S7: 57.59 | T7: =S7-E7 -> 0.145
A8: =A7+1 -> 4 | B8: 46031 | C8: 9983074 | D8: 57190753 | E8: 58.948 | F8: 488.82 | G8: =E8*F8 -> 28814.961 | H8: 41508.94 | I8: =E8*H8 -> 2446869 | J8: Terminal Ilinka | K8: Novopolotsk | R8: 46040 | S8: 58.135 | T8: =S8-E8 -> -0.813
A9: =A8+1 -> 5 | B9: 46031 | C9: 9983074 | D9: 73901266 | E9: 57.345 | F9: 488.82 | G9: =E9*F9 -> 28031.383 | H9: 41508.94 | I9: =E9*H9 -> 2380330.2 | J9: Terminal Ilinka | K9: Novopolotsk | R9: 46040 | S9: 56.932 | T9: =S9-E9 -> -0.413
A10: =A9+1 -> 6 | B10: 46031 | C10: 9983074 | D10: 75004127 | E10: 58.297 | F10: 488.82 | G10: =E10*F10 -> 28496.74 | H10: 41508.94 | I10: =E10*H10 -> 2419846.7 | J10: Terminal Ilinka | K10: Novopolotsk | R10: 46040 | S10: 57.902 | T10: =S10-E10 -> -0.395
A11: =A10+1 -> 7 | B11: 46031 | C11: 9983074 | D11: 75671792 | E11: 60.601 | F11: 488.82 | G11: =E11*F11 -> 29622.981 | H11: 41508.94 | I11: =E11*H11 -> 2515483.3 | J11: Terminal Ilinka | K11: Novopolotsk | R11: 46040 | S11: 60.649 | T11: =S11-E11 -> 0.048
A12: =A11+1 -> 8 | B12: 46031 | C12: 9983074 | D12: 75671990 | E12: 60 | F12: 488.82 | G12: =E12*F12 -> 29329.2 | H12: 41508.94 | I12: =E12*H12 -> 2490536.4 | J12: Terminal Ilinka | K12: Novopolotsk | R12: 46040 | S12: 60.174 | T12: =S12-E12 -> 0.174
A13: =A12+1 -> 9 | B13: 46031 | C13: 9983074 | D13: 75672097 | E13: 60.601 | F13: 488.82 | G13: =E13*F13 -> 29622.981 | H13: 41508.94 | I13: =E13*H13 -> 2515483.3 | J13: Terminal Ilinka | K13: Novopolotsk | R13: 46040 | S13: 60.748 | T13: =S13-E13 -> 0.147
A14: =A13+1 -> 10 | B14: 46031 | C14: 9983074 | D14: 75673293 | E14: 60.15 | F14: 488.82 | G14: =E14*F14 -> 29402.523 | H14: 41508.94 | I14: =E14*H14 -> 2496762.7 | J14: Terminal Ilinka | K14: Novopolotsk | R14: 46040 | S14: 59.794 | T14: =S14-E14 -> -0.356
A15: =A14+1 -> 11 | B15: 46031 | C15: 9983074 | D15: 75673491 | E15: 60.551 | F15: 488.82 | G15: =E15*F15 -> 29598.54 | H15: 41508.94 | I15: =E15*H15 -> 2513407.8 | J15: Terminal Ilinka | K15: Novopolotsk | R15: 46040 | S15: 60.597 | T15: =S15-E15 -> 0.046
A16: =A15+1 -> 12 | B16: 46031 | C16: 9983074 | D16: 75673590 | E16: 60.05 | F16: 488.82 | G16: =E16*F16 -> 29353.641 | H16: 41508.94 | I16: =E16*H16 -> 2492611.8 | J16: Terminal Ilinka | K16: Novopolotsk | R16: 46040 | S16: 60.261 | T16: =S16-E16 -> 0.211
A17: =A16+1 -> 13 | B17: 46031 | C17: 9983074 | D17: 75674390 | E17: 58.147 | F17: 488.82 | G17: =E17*F17 -> 28423.417 | H17: 41508.94 | I17: =E17*H17 -> 2413620.3 | J17: Terminal Ilinka | K17: Novopolotsk
A18: =A17+1 -> 14 | B18: 46031 | C18: 9983074 | D18: 75675298 | E18: 58.247 | F18: 488.82 | G18: =E18*F18 -> 28472.299 | H18: 41508.94 | I18: =E18*H18 -> 2417771.2 | J18: Terminal Ilinka | K18: Novopolotsk
E19: =SUM(E5:E18) -> 824.171 | G19: =SUM(G5:G18) -> 404193.81 | I19: =SUM(I5:I18) -> 34210465 | S19: =SUM(S5:S18) -> 707.183 | T19: =SUM(T5:T18) -> -0.594
E20: =E19 -> 824.171 | G20: =G19 -> 404193.81 | I20: =I19 -> 34210465 | S20: =S19 -> 707.183 | T20: =T19 -> -0.594
B22: FULL TONNAGE | E22: 830
B23: LOADED | E23: =E20 -> 824.171
B24: BALANCE | E24: =E22-E23 -> 5.829 | G24: 78.3941

Sheet  34-M AI-92 -15000 MT 
A1: Contract BNK-KHM/9-4-12/140 dd 29.07.2022, between "BNK-FZCO" (UAE) and "KHUMOR" LLC (KYRGYZ REPUBLIC) | T1: AI-92-K5
A2: ADDENDUM № 34-M dd 06.01.26 (FCA BARBAROV) 15'000 mt
F3: -121,57$ | W3: 46076.86
A4: № | B4: Date | C4: RWB No | D4: Wagons No | E4: Loaded quantity (MT) | F4: Price in January 01.01.26-31.01.26 $ | G4: Total | H4: Fix price in rub | I4: Total | J4: Consignee | K4: Destination | M4: transport included in the product price | Q4: Date of arrival of wagons | R4: Date of leak | S4: Quantity | T4: Difference | U4: Remarks
A5: 1 | B5: 46045 | C5: 8610245 | D5: 50220904 | E5: 61 | F5: ='[2]Platt''s 2026'!B34-121.57 -> 520.11182 | G5: =E5*F5 -> 31726.821 | H5: 46076.86 | I5: =E5*H5 -> 2810688.5 | J5: Terminal Ilinka | K5: Barbarov
A6: =A5+1 -> 2 | B6: 46045 | C6: 8610246 | D6: 50413400 | E6: 60.95 | F6: 520.11 | G6: =E6*F6 -> 31700.705 | H6: 46076.86 | I6: =E6*H6 -> 2808384.6 | J6: Terminal Ilinka | K6: Barbarov | R6: 46054 | S6: 60.852 | T6: =S6-E6 -> -0.098
A7: =A6+1 -> 3 | B7: 46045 | C7: 8610246 | D7: 51833374 | E7: 61.1 | F7: 520.11 | G7: =E7*F7 -> 31778.721 | H7: 46076.86 | I7: =E7*H7 -> 2815296.1 | J7: Terminal Ilinka | K7: Barbarov | R7: 46054 | S7: 60.874 | T7: =S7-E7 -> -0.226
A8: =A7+1 -> 4 | B8: 46045 | C8: 8610245 | D8: 54026836 | E8: 60.95 | F8: 520.11 | G8: =E8*F8 -> 31700.705 | H8: 46076.86 | I8: =E8*H8 -> 2808384.6 | J8: Terminal Ilinka | K8: Barbarov
A9: =A8+1 -> 5 | B9: 46045 | C9: 8610245 | D9: 54721329 | E9: 61.2 | F9: 520.11 | G9: =E9*F9 -> 31830.732 | H9: 46076.86 | I9: =E9*H9 -> 2819903.8 | J9: Terminal Ilinka | K9: Barbarov
A10: =A9+1 -> 6 | B10: 46045 | C10: 8610246 | D10: 57429383 | E10: 60.9 | F10: 520.11 | G10: =E10*F10 -> 31674.699 | H10: 46076.86 | I10: =E10*H10 -> 2806080.8 | J10: Terminal Ilinka | K10: Barbarov | R10: 46054 | S10: 60.859 | T10: =S10-E10 -> -0.041
A11: =A10+1 -> 7 | B11: 46045 | C11: 8610245 | D11: 57434193 | E11: 60.95 | F11: 520.11 | G11: =E11*F11 -> 31700.705 | H11: 46076.86 | I11: =E11*H11 -> 2808384.6 | J11: Terminal Ilinka | K11: Barbarov
A12: =A11+1 -> 8 | B12: 46045 | C12: 8610245 | D12: 73021644 | E12: 61.5 | F12: 520.11 | G12: =E12*F12 -> 31986.765 | H12: 46076.86 | I12: =E12*H12 -> 2833726.9 | J12: Terminal Ilinka | K12: Barbarov
A13: =A12+1 -> 9 | B13: 46045 | C13: 8610245 | D13: 73049454 | E13: 61.5 | F13: 520.11 | G13: =E13*F13 -> 31986.765 | H13: 46076.86 | I13: =E13*H13 -> 2833726.9 | J13: Terminal Ilinka | K13: Barbarov
A14: =A13+1 -> 10 | B14: 46045 | C14: 8610245 | D14: 73062325 | E14: 61.55 | F14: 520.11 | G14: =E14*F14 -> 32012.77 | H14: 46076.86 | I14: =E14*H14 -> 2836030.7 | J14: Terminal Ilinka | K14: Barbarov
A15: =A14+1 -> 11 | B15: 46045 | C15: 8610246 | D15: 73069189 | E15: 61.7 | F15: 520.11 | G15: =E15*F15 -> 32090.787 | H15: 46076.86 | I15: =E15*H15 -> 2842942.3 | J15: Terminal Ilinka | K15: Barbarov | R15: 46054 | S15: 61.543 | T15: =S15-E15 -> -0.157
A16: =A15+1 -> 12 | B16: 46045 | C16: 8610246 | D16: 73071086 | E16: 61.5 | F16: 520.11 | G16: =E16*F16 -> 31986.765 | H16: 46076.86 | I16: =E16*H16 -> 2833726.9 | J16: Terminal Ilinka | K16: Barbarov | R16: 46054 | S16: 61.285 | T16: =S16-E16 -> -0.215
A17: =A16+1 -> 13 | B17: 46045 | C17: 8610245 | D17: 73084485 | E17: 61.7 | F17: 520.11 | G17: =E17*F17 -> 32090.787 | H17: 46076.86 | I17: =E17*H17 -> 2842942.3 | J17: Terminal Ilinka | K17: Barbarov
A18: =A17+1 -> 14 | B18: 46045 | C18: 8610245 | D18: 73090466 | E18: 61.55 | F18: 520.11 | G18: =E18*F18 -> 32012.77 | H18: 46076.86 | I18: =E18*H18 -> 2836030.7 | J18: Terminal Ilinka | K18: Barbarov
A19: =A18+1 -> 15 | B19: 46045 | C19: 8610245 | D19: 73115867 | E19: 61.75 | F19: 520.11 | G19: =E19*F19 -> 32116.792 | H19: 46076.86 | I19: =E19*H19 -> 2845246.1 | J19: Terminal Ilinka | K19: Barbarov
A20: =A19+1 -> 16 | B20: 46045 | C20: 8610245 | D20: 73173700 | E20: 61.55 | F20: 520.11 | G20: =E20*F20 -> 32012.77 | H20: 46076.86 | I20: =E20*H20 -> 2836030.7 | J20: Terminal Ilinka | K20: Barbarov
A21: =A20+1 -> 17 | B21: 46045 | C21: 8610246 | D21: 73183527 | E21: 61.55 | F21: 520.11 | G21: =E21*F21 -> 32012.77 | H21: 46076.86 | I21: =E21*H21 -> 2836030.7 | J21: Terminal Ilinka | K21: Barbarov | R21: 46054 | S21: 61.462 | T21: =S21-E21 -> -0.088
A22: =A21+1 -> 18 | B22: 46045 | C22: 8610246 | D22: 73187023 | E22: 61.55 | F22: 520.11 | G22: =E22*F22 -> 32012.77 | H22: 46076.86 | I22: =E22*H22 -> 2836030.7 | J22: Terminal Ilinka | K22: Barbarov | R22: 46054 | S22: 61.687 | T22: =S22-E22 -> 0.137
A23: =A22+1 -> 19 | B23: 46045 | C23: 8610246 | D23: 73205858 | E23: 61.35 | F23: 520.11 | G23: =E23*F23 -> 31908.749 | H23: 46076.86 | I23: =E23*H23 -> 2826815.4 | J23: Terminal Ilinka | K23: Barbarov | R23: 46054 | S23: 61.434 | T23: =S23-E23 -> 0.084
A24: =A23+1 -> 20 | B24: 46045 | C24: 8610245 | D24: 73220600 | E24: 61.5 | F24: 520.11 | G24: =E24*F24 -> 31986.765 | H24: 46076.86 | I24: =E24*H24 -> 2833726.9 | J24: Terminal Ilinka | K24: Barbarov
A25: =A24+1 -> 21 | B25: 46045 | C25: 8610245 | D25: 73230336 | E25: 61.7 | F25: 520.11 | G25: =E25*F25 -> 32090.787 | H25: 46076.86 | I25: =E25*H25 -> 2842942.3 | J25: Terminal Ilinka | K25: Barbarov
A26: =A25+1 -> 22 | B26: 46045 | C26: 8610245 | D26: 73230377 | E26: 61.45 | F26: 520.11 | G26: =E26*F26 -> 31960.76 | H26: 46076.86 | I26: =E26*H26 -> 2831423 | J26: Terminal Ilinka | K26: Barbarov
A27: =A26+1 -> 23 | B27: 46045 | C27: 8610245 | D27: 73230930 | E27: 61.5 | F27: 520.11 | G27: =E27*F27 -> 31986.765 | H27: 46076.86 | I27: =E27*H27 -> 2833726.9 | J27: Terminal Ilinka | K27: Barbarov
A28: =A27+1 -> 24 | B28: 46045 | C28: 8610246 | D28: 73231938 | E28: 61.35 | F28: 520.11 | G28: =E28*F28 -> 31908.749 | H28: 46076.86 | I28: =E28*H28 -> 2826815.4 | J28: Terminal Ilinka | K28: Barbarov | R28: 46054 | S28: 61.411 | T28: =S28-E28 -> 0.061
A29: =A28+1 -> 25 | B29: 46045 | C29: 8610246 | D29: 75229518 | E29: 61.65 | F29: 520.11 | G29: =E29*F29 -> 32064.782 | H29: 46076.86 | I29: =E29*H29 -> 2840638.4 | J29: Terminal Ilinka | K29: Barbarov | R29: 46054 | S29: 61.658 | T29: =S29-E29 -> 0.008
A30: =A29+1 -> 26 | B30: 46045 | C30: 8610246 | D30: 75256750 | E30: 61.6 | F30: 520.11 | G30: =E30*F30 -> 32038.776 | H30: 46076.86 | I30: =E30*H30 -> 2838334.6 | J30: Terminal Ilinka | K30: Barbarov | R30: 46054 | S30: 61.622 | T30: =S30-E30 -> 0.022
A31: =A30+1 -> 27 | B31: 46045 | C31: 8610246 | D31: 76322494 | E31: 61.65 | F31: 520.11 | G31: =E31*F31 -> 32064.782 | H31: 46076.86 | I31: =E31*H31 -> 2840638.4 | J31: Terminal Ilinka | K31: Barbarov | R31: 46054 | S31: 61.915 | T31: =S31-E31 -> 0.265
A32: =A31+1 -> 28 | B32: 46045 | C32: 8610245 | D32: 76351998 | E32: 61.75 | F32: 520.11 | G32: =E32*F32 -> 32116.792 | H32: 46076.86 | I32: =E32*H32 -> 2845246.1 | J32: Terminal Ilinka | K32: Barbarov
A33: =A32+1 -> 29 | B33: 46045 | C33: 8610245 | D33: 76352194 | E33: 62.1 | F33: 520.11 | G33: =E33*F33 -> 32298.831 | H33: 46076.86 | I33: =E33*H33 -> 2861373 | J33: Terminal Ilinka | K33: Barbarov
A34: =A33+1 -> 30 | B34: 46045 | C34: 8610246 | D34: 76427996 | E34: 61.85 | F34: 520.11 | G34: =E34*F34 -> 32168.804 | H34: 46076.86 | I34: =E34*H34 -> 2849853.8 | J34: Terminal Ilinka | K34: Barbarov | R34: 46054 | S34: 61.846 | T34: =S34-E34 -> -0.004
E35: =SUM(E5:E34) -> 1843.9 | G35: =SUM(G5:G34) -> 959030.94 | I35: =SUM(I5:I34) -> 84961122
A36: 31 | B36: 46046 | C36: 8610247 | D36: 58344888 | E36: 61.05 | F36: 520.11 | G36: =E36*F36 -> 31752.715 | H36: 46076.86 | I36: =E36*H36 -> 2812992.3 | J36: Terminal Ilinka | K36: Barbarov
A37: =A36+1 -> 32 | B37: 46046 | C37: 8610247 | D37: 73047516 | E37: 61.5 | F37: 520.11 | G37: =E37*F37 -> 31986.765 | H37: 46076.86 | I37: =E37*H37 -> 2833726.9 | J37: Terminal Ilinka | K37: Barbarov
A38: =A37+1 -> 33 | B38: 46046 | C38: 8610247 | D38: 73080210 | E38: 61.55 | F38: 520.11 | G38: =E38*F38 -> 32012.77 | H38: 46076.86 | I38: =E38*H38 -> 2836030.7 | J38: Terminal Ilinka | K38: Barbarov
A39: =A38+1 -> 34 | B39: 46046 | C39: 8610247 | D39: 73084477 | E39: 61.65 | F39: 520.11 | G39: =E39*F39 -> 32064.782 | H39: 46076.86 | I39: =E39*H39 -> 2840638.4 | J39: Terminal Ilinka | K39: Barbarov
A40: =A39+1 -> 35 | B40: 46046 | C40: 8610247 | D40: 73086019 | E40: 61.7 | F40: 520.11 | G40: =E40*F40 -> 32090.787 | H40: 46076.86 | I40: =E40*H40 -> 2842942.3 | J40: Terminal Ilinka | K40: Barbarov
A41: =A40+1 -> 36 | B41: 46046 | C41: 8610247 | D41: 73156507 | E41: 61.75 | F41: 520.11 | G41: =E41*F41 -> 32116.792 | H41: 46076.86 | I41: =E41*H41 -> 2845246.1 | J41: Terminal Ilinka | K41: Barbarov
A42: =A41+1 -> 37 | B42: 46046 | C42: 8610247 | D42: 73163081 | E42: 61.5 | F42: 520.11 | G42: =E42*F42 -> 31986.765 | H42: 46076.86 | I42: =E42*H42 -> 2833726.9 | J42: Terminal Ilinka | K42: Barbarov
A43: =A42+1 -> 38 | B43: 46046 | C43: 8610247 | D43: 73224172 | E43: 61.6 | F43: 520.11 | G43: =E43*F43 -> 32038.776 | H43: 46076.86 | I43: =E43*H43 -> 2838334.6 | J43: Terminal Ilinka | K43: Barbarov
A44: =A43+1 -> 39 | B44: 46046 | C44: 8610247 | D44: 73235731 | E44: 61.55 | F44: 520.11 | G44: =E44*F44 -> 32012.77 | H44: 46076.86 | I44: =E44*H44 -> 2836030.7 | J44: Terminal Ilinka | K44: Barbarov
E45: =SUM(E36:E44) -> 553.85 | G45: =SUM(G36:G44) -> 288062.92 | I45: =SUM(I36:I44) -> 25519669
A46: 40 | B46: 46046 | C46: 8610312 | D46: 54256235 | E46: 60.9 | F46: 520.11 | G46: =E46*F46 -> 31674.699 | H46: 46076.86 | I46: =E46*H46 -> 2806080.8 | J46: Terminal Ilinka | K46: Barbarov
A47: =A46+1 -> 41 | B47: 46046 | C47: 8610312 | D47: 73087058 | E47: 61.4 | F47: 520.11 | G47: =E47*F47 -> 31934.754 | H47: 46076.86 | I47: =E47*H47 -> 2829119.2 | J47: Terminal Ilinka | K47: Barbarov
A48: =A47+1 -> 42 | B48: 46046 | C48: 8610312 | D48: 73090839 | E48: 61.4 | F48: 520.11 | G48: =E48*F48 -> 31934.754 | H48: 46076.86 | I48: =E48*H48 -> 2829119.2 | J48: Terminal Ilinka | K48: Barbarov
A49: =A48+1 -> 43 | B49: 46046 | C49: 8610312 | D49: 73228025 | E49: 61.55 | F49: 520.11 | G49: =E49*F49 -> 32012.77 | H49: 46076.86 | I49: =E49*H49 -> 2836030.7 | J49: Terminal Ilinka | K49: Barbarov
A50: =A49+1 -> 44 | B50: 46046 | C50: 8610312 | D50: 73228702 | E50: 61.45 | F50: 520.11 | G50: =E50*F50 -> 31960.76 | H50: 46076.86 | I50: =E50*H50 -> 2831423 | J50: Terminal Ilinka | K50: Barbarov
A51: =A50+1 -> 45 | B51: 46046 | C51: 8610312 | D51: 76163096 | E51: 61.65 | F51: 520.11 | G51: =E51*F51 -> 32064.782 | H51: 46076.86 | I51: =E51*H51 -> 2840638.4 | J51: Terminal Ilinka | K51: Barbarov
E52: =SUM(E46:E51) -> 368.35 | G52: =SUM(G46:G51) -> 191582.52 | I52: =SUM(I46:I51) -> 16972411
A53: 46 | B53: 46047 | C53: 8610366 | D53: 73109258 | E53: 61.05 | F53: 520.11 | G53: =E53*F53 -> 31752.715 | H53: 46076.86 | I53: =E53*H53 -> 2812992.3 | J53: Terminal Ilinka | K53: Barbarov
A54: =A53+1 -> 47 | B54: 46047 | C54: 8610368 | D54: 75004267 | E54: 61.55 | F54: 520.11 | G54: =E54*F54 -> 32012.77 | H54: 46076.86 | I54: =E54*H54 -> 2836030.7 | J54: Terminal Ilinka | K54: Barbarov
A55: =A54+1 -> 48 | B55: 46047 | C55: 8610367 | D55: 75788695 | E55: 61.1 | F55: 520.11 | G55: =E55*F55 -> 31778.721 | H55: 46076.86 | I55: =E55*H55 -> 2815296.1 | J55: Terminal Ilinka | K55: Barbarov
E56: =SUM(E53:E55) -> 183.7 | G56: =SUM(G53:G55) -> 95544.207 | I56: =SUM(I53:I55) -> 8464319.2
A57: 49 | B57: 46048 | C57: 8610402 | D57: 73010704 | E57: 61.4 | F57: 520.11 | G57: =E57*F57 -> 31934.754 | H57: 46076.86 | I57: =E57*H57 -> 2829119.2 | J57: Terminal Ilinka | K57: Barbarov
A58: =A57+1 -> 50 | B58: 46048 | C58: 8610402 | D58: 73098402 | E58: 61.45 | F58: 520.11 | G58: =E58*F58 -> 31960.76 | H58: 46076.86 | I58: =E58*H58 -> 2831423 | J58: Terminal Ilinka | K58: Barbarov
A59: =A58+1 -> 51 | B59: 46048 | C59: 8610402 | D59: 73157604 | E59: 61.4 | F59: 520.11 | G59: =E59*F59 -> 31934.754 | H59: 46076.86 | I59: =E59*H59 -> 2829119.2 | J59: Terminal Ilinka | K59: Barbarov
A60: =A59+1 -> 52 | B60: 46048 | C60: 8610402 | D60: 73228207 | E60: 61.4 | F60: 520.11 | G60: =E60*F60 -> 31934.754 | H60: 46076.86 | I60: =E60*H60 -> 2829119.2 | J60: Terminal Ilinka | K60: Barbarov
A61: =A60+1 -> 53 | B61: 46048 | C61: 8610402 | D61: 73228454 | E61: 61.35 | F61: 520.11 | G61: =E61*F61 -> 31908.749 | H61: 46076.86 | I61: =E61*H61 -> 2826815.4 | J61: Terminal Ilinka | K61: Barbarov
E62: =SUM(E57:E61) -> 307 | G62: =SUM(G57:G61) -> 159673.77 | I62: =SUM(I57:I61) -> 14145596
A63: 54 | B63: 46050 | C63: 8610487 | D63: 73227845 | E63: 60.65 | F63: 520.11 | G63: =E63*F63 -> 31544.672 | H63: 46076.86 | I63: =E63*H63 -> 2794561.6 | J63: Terminal Ilinka | K63: Barbarov
E64: =E63 -> 60.65 | G64: =G63 -> 31544.672 | I64: =I63 -> 2794561.6
A65: 55 | B65: 46052 | C65: 8610564 | D65: 50409713 | E65: 61.35 | F65: 520.11 | G65: =E65*F65 -> 31908.749 | H65: 46076.86 | I65: =E65*H65 -> 2826815.4 | J65: Terminal Ilinka | K65: Barbarov
A66: =A65+1 -> 56 | B66: 46052 | C66: 8610565 | D66: 50774330 | E66: 52.95 | F66: 520.11 | G66: =E66*F66 -> 27539.825 | H66: 46076.86 | I66: =E66*H66 -> 2439769.7 | J66: Terminal Ilinka | K66: Barbarov
A67: =A66+1 -> 57 | B67: 46052 | C67: 8610565 | D67: 53901732 | E67: 51.95 | F67: 520.11 | G67: =E67*F67 -> 27019.715 | H67: 46076.86 | I67: =E67*H67 -> 2393692.9 | J67: Terminal Ilinka | K67: Barbarov
A68: =A67+1 -> 58 | B68: 46052 | C68: 8610565 | D68: 54244066 | E68: 61.7 | F68: 520.11 | G68: =E68*F68 -> 32090.787 | H68: 46076.86 | I68: =E68*H68 -> 2842942.3 | J68: Terminal Ilinka | K68: Barbarov
A69: =A68+1 -> 59 | B69: 46052 | C69: 8610565 | D69: 54259098 | E69: 61.55 | F69: 520.11 | G69: =E69*F69 -> 32012.77 | H69: 46076.86 | I69: =E69*H69 -> 2836030.7 | J69: Terminal Ilinka | K69: Barbarov
A70: =A69+1 -> 60 | B70: 46052 | C70: 8610564 | D70: 73087017 | E70: 61.8 | F70: 520.11 | G70: =E70*F70 -> 32142.798 | H70: 46076.86 | I70: =E70*H70 -> 2847549.9 | J70: Terminal Ilinka | K70: Barbarov
A71: =A70+1 -> 61 | B71: 46052 | C71: 8610564 | D71: 73206641 | E71: 61.8 | F71: 520.11 | G71: =E71*F71 -> 32142.798 | H71: 46076.86 | I71: =E71*H71 -> 2847549.9 | J71: Terminal Ilinka | K71: Barbarov
A72: =A71+1 -> 62 | B72: 46052 | C72: 8610564 | D72: 73216830 | E72: 61.8 | F72: 520.11 | G72: =E72*F72 -> 32142.798 | H72: 46076.86 | I72: =E72*H72 -> 2847549.9 | J72: Terminal Ilinka | K72: Barbarov
A73: =A72+1 -> 63 | B73: 46052 | C73: 8610564 | D73: 73219008 | E73: 61.8 | F73: 520.11 | G73: =E73*F73 -> 32142.798 | H73: 46076.86 | I73: =E73*H73 -> 2847549.9 | J73: Terminal Ilinka | K73: Barbarov
A74: =A73+1 -> 64 | B74: 46052 | C74: 8610564 | D74: 73225187 | E74: 61.8 | F74: 520.11 | G74: =E74*F74 -> 32142.798 | H74: 46076.86 | I74: =E74*H74 -> 2847549.9 | J74: Terminal Ilinka | K74: Barbarov
A75: =A74+1 -> 65 | B75: 46052 | C75: 8610565 | D75: 75046714 | E75: 61.3 | F75: 520.11 | G75: =E75*F75 -> 31882.743 | H75: 46076.86 | I75: =E75*H75 -> 2824511.5 | J75: Terminal Ilinka | K75: Barbarov
A76: =A75+1 -> 66 | B76: 46052 | C76: 8610564 | D76: 75211615 | E76: 62.25 | F76: 520.11 | G76: =E76*F76 -> 32376.847 | H76: 46076.86 | I76: =E76*H76 -> 2868284.5 | J76: Terminal Ilinka | K76: Barbarov
A77: =A76+1 -> 67 | B77: 46052 | C77: 8610564 | D77: 75282400 | E77: 62.05 | F77: 520.11 | G77: =E77*F77 -> 32272.825 | H77: 46076.86 | I77: =E77*H77 -> 2859069.2 | J77: Terminal Ilinka | K77: Barbarov
A78: =A77+1 -> 68 | B78: 46052 | C78: 8610564 | D78: 76441393 | E78: 62.2 | F78: 520.11 | G78: =E78*F78 -> 32350.842 | H78: 46076.86 | I78: =E78*H78 -> 2865980.7 | J78: Terminal Ilinka | K78: Barbarov
E79: =SUM(E65:E78) -> 846.3 | G79: =SUM(G65:G78) -> 440169.09 | I79: =SUM(I65:I78) -> 38994847
A80: 69 | B80: 46053 | C80: 8610619 | D80: 57040339 | E80: 60.9 | F80: 520.11 | G80: =E80*F80 -> 31674.699 | H80: 46076.86 | I80: =E80*H80 -> 2806080.8 | J80: Terminal Ilinka | K80: Barbarov
A81: =A80+1 -> 70 | B81: 46053 | C81: 8610618 | D81: 75191841 | E81: 61.6 | F81: 520.11 | G81: =E81*F81 -> 32038.776 | H81: 46076.86 | I81: =E81*H81 -> 2838334.6 | J81: Terminal Ilinka | K81: Barbarov
A82: =A81+1 -> 71 | B82: 46053 | C82: 8610620 | D82: 75241729 | E82: 61.65 | F82: 520.11 | G82: =E82*F82 -> 32064.782 | H82: 46076.86 | I82: =E82*H82 -> 2840638.4 | J82: Terminal Ilinka | K82: Barbarov
E83: =SUM(E80:E82) -> 184.15 | G83: =SUM(G80:G82) -> 95778.257 | I83: =SUM(I80:I82) -> 8485053.8
A84: 72 | B84: 46053 | C84: 8610628 | D84: 50214980 | E84: 61.2 | F84: 520.11 | G84: =E84*F84 -> 31830.732 | H84: 46076.86 | I84: =E84*H84 -> 2819903.8 | J84: Terminal Ilinka | K84: Barbarov
A85: =A84+1 -> 73 | B85: 46053 | C85: 8610628 | D85: 51812824 | E85: 60.95 | F85: 520.11 | G85: =E85*F85 -> 31700.705 | H85: 46076.86 | I85: =E85*H85 -> 2808384.6 | J85: Terminal Ilinka | K85: Barbarov
A86: =A85+1 -> 74 | B86: 46053 | C86: 8610628 | D86: 51891505 | E86: 61.45 | F86: 520.11 | G86: =E86*F86 -> 31960.76 | H86: 46076.86 | I86: =E86*H86 -> 2831423 | J86: Terminal Ilinka | K86: Barbarov
A87: =A86+1 -> 75 | B87: 46053 | C87: 8610629 | D87: 53914461 | E87: 52.65 | F87: 520.11 | G87: =E87*F87 -> 27383.791 | H87: 46076.86 | I87: =E87*H87 -> 2425946.7 | J87: Terminal Ilinka | K87: Barbarov
A88: =A87+1 -> 76 | B88: 46053 | C88: 8610628 | D88: 54067178 | E88: 61.1 | F88: 520.11 | G88: =E88*F88 -> 31778.721 | H88: 46076.86 | I88: =E88*H88 -> 2815296.1 | J88: Terminal Ilinka | K88: Barbarov
A89: =A88+1 -> 77 | B89: 46053 | C89: 8610629 | D89: 73010746 | E89: 61.45 | F89: 520.11 | G89: =E89*F89 -> 31960.76 | H89: 46076.86 | I89: =E89*H89 -> 2831423 | J89: Terminal Ilinka | K89: Barbarov
A90: =A89+1 -> 78 | B90: 46053 | C90: 8610629 | D90: 73127037 | E90: 61.5 | F90: 520.11 | G90: =E90*F90 -> 31986.765 | H90: 46076.86 | I90: =E90*H90 -> 2833726.9 | J90: Terminal Ilinka | K90: Barbarov
A91: =A90+1 -> 79 | B91: 46053 | C91: 8610629 | D91: 73173411 | E91: 61.5 | F91: 520.11 | G91: =E91*F91 -> 31986.765 | H91: 46076.86 | I91: =E91*H91 -> 2833726.9 | J91: Terminal Ilinka | K91: Barbarov
A92: =A91+1 -> 80 | B92: 46053 | C92: 8610629 | D92: 73173445 | E92: 61.6 | F92: 520.11 | G92: =E92*F92 -> 32038.776 | H92: 46076.86 | I92: =E92*H92 -> 2838334.6 | J92: Terminal Ilinka | K92: Barbarov
A93: =A92+1 -> 81 | B93: 46053 | C93: 8610629 | D93: 73173940 | E93: 61.5 | F93: 520.11 | G93: =E93*F93 -> 31986.765 | H93: 46076.86 | I93: =E93*H93 -> 2833726.9 | J93: Terminal Ilinka | K93: Barbarov
A94: =A93+1 -> 82 | B94: 46053 | C94: 8610629 | D94: 73174013 | E94: 61.5 | F94: 520.11 | G94: =E94*F94 -> 31986.765 | H94: 46076.86 | I94: =E94*H94 -> 2833726.9 | J94: Terminal Ilinka | K94: Barbarov
A95: =A94+1 -> 83 | B95: 46053 | C95: 8610629 | D95: 73178337 | E95: 61.75 | F95: 520.11 | G95: =E95*F95 -> 32116.792 | H95: 46076.86 | I95: =E95*H95 -> 2845246.1 | J95: Terminal Ilinka | K95: Barbarov
A96: =A95+1 -> 84 | B96: 46053 | C96: 8610629 | D96: 73221533 | E96: 61.65 | F96: 520.11 | G96: =E96*F96 -> 32064.782 | H96: 46076.86 | I96: =E96*H96 -> 2840638.4 | J96: Terminal Ilinka | K96: Barbarov
A97: =A96+1 -> 85 | B97: 46053 | C97: 8610628 | D97: 75102475 | E97: 61.8 | F97: 520.11 | G97: =E97*F97 -> 32142.798 | H97: 46076.86 | I97: =E97*H97 -> 2847549.9 | J97: Terminal Ilinka | K97: Barbarov
E98: =SUM(E84:E97) -> 851.6 | G98: =SUM(G84:G97) -> 442925.68 | I98: =SUM(I84:I97) -> 39239054
A99: Totall in January: | E99: =E35+E45+E52+E56+E62+E64+E79+E83+E98 -> 5199.5 | G99: =G35+G45+G52+G56+G62+G64+G79+G83+G98 -> 2704312.1 | I99: =I35+I45+I52+I56+I62+I64+I79+I83+I98 -> 2.3957663e+08
A100: 86 | B100: 46056 | C100: 8610685 | D100: 50464833 | E100: 53.15 | F100: 564.96 | G100: =E100*F100 -> 30027.624 | H100: 46076.86 | I100: =E100*H100 -> 2448985.1 | J100: Terminal Ilinka | K100: Barbarov
...

Sheet 35 - M -15000 MT Diesel
A1: Contract BNK-KHM/9-4-12/140 dd 29.07.2022, between "BNK-FZCO" (UAE) and "KHUMOR" LLC (KYRGYZ REPUBLIC) | T1: Diesel DT-E-K5
A2: ADDENDUM № 35-M dd 12.01.26 (FCA BARBAROV) 15'000 mt
F3: -138,57$ | W3: 43524.16
A4: № | B4: Date | C4: RWB No | D4: Wagons No | E4: Loaded quantity (MT) | F4: Price in January 01.01.26-31.01.26 $ | G4: Total | H4: Fix price in rub | I4: Total | J4: Consignee | K4: Destination | M4: transport included in the product price | Q4: Date of arrival of wagons | R4: Date of leak | S4: Quantity | T4: Difference | U4: Remarks
A5: 1 | B5: 46050 | C5: 8610493 | D5: 54093679 | E5: 60.65 | F5: ='[3]Platt''s 2026'!F34-138.57 -> 495.79364 | G5: =E5*F5 -> 30069.884 | H5: 43524.16 | I5: =E5*H5 -> 2639740.3 | J5: Terminal Ilinka | K5: Barbarov
A6: =A5+1 -> 2 | B6: 46050 | C6: 8610492 | D6: 73006025 | E6: 61.25 | F6: 495.79 | G6: =E6*F6 -> 30367.138 | H6: 43524.16 | I6: =E6*H6 -> 2665854.8 | J6: Terminal Ilinka | K6: Barbarov
A7: =A6+1 -> 3 | B7: 46050 | C7: 8610493 | D7: 73009359 | E7: 60.6 | F7: 495.79 | G7: =E7*F7 -> 30044.874 | H7: 43524.16 | I7: =E7*H7 -> 2637564.1 | J7: Terminal Ilinka | K7: Barbarov
A8: =A7+1 -> 4 | B8: 46050 | C8: 8610492 | D8: 73045130 | E8: 59.75 | F8: 495.79 | G8: =E8*F8 -> 29623.452 | H8: 43524.16 | I8: =E8*H8 -> 2600568.6 | J8: Terminal Ilinka | K8: Barbarov
A9: =A8+1 -> 5 | B9: 46050 | C9: 8610492 | D9: 73107013 | E9: 63.6 | F9: 495.79 | G9: =E9*F9 -> 31532.244 | H9: 43524.16 | I9: =E9*H9 -> 2768136.6 | J9: Terminal Ilinka | K9: Barbarov
A10: =A9+1 -> 6 | B10: 46050 | C10: 8610493 | D10: 73118945 | E10: 61.6 | F10: 495.79 | G10: =E10*F10 -> 30540.664 | H10: 43524.16 | I10: =E10*H10 -> 2681088.3 | J10: Terminal Ilinka | K10: Barbarov
A11: =A10+1 -> 7 | B11: 46050 | C11: 8610492 | D11: 73126948 | E11: 60.65 | F11: 495.79 | G11: =E11*F11 -> 30069.663 | H11: 43524.16 | I11: =E11*H11 -> 2639740.3 | J11: Terminal Ilinka | K11: Barbarov
A12: =A11+1 -> 8 | B12: 46050 | C12: 8610492 | D12: 73131419 | E12: 61.15 | F12: 495.79 | G12: =E12*F12 -> 30317.558 | H12: 43524.16 | I12: =E12*H12 -> 2661502.4 | J12: Terminal Ilinka | K12: Barbarov
A13: =A12+1 -> 9 | B13: 46050 | C13: 8610492 | D13: 73158156 | E13: 61.05 | F13: 495.79 | G13: =E13*F13 -> 30267.98 | H13: 43524.16 | I13: =E13*H13 -> 2657150 | J13: Terminal Ilinka | K13: Barbarov
A14: =A13+1 -> 10 | B14: 46050 | C14: 8610492 | D14: 73161713 | E14: 60.55 | F14: 495.79 | G14: =E14*F14 -> 30020.085 | H14: 43524.16 | I14: =E14*H14 -> 2635387.9 | J14: Terminal Ilinka | K14: Barbarov
A15: =A14+1 -> 11 | B15: 46050 | C15: 8610492 | D15: 73182727 | E15: 61.15 | F15: 495.79 | G15: =E15*F15 -> 30317.558 | H15: 43524.16 | I15: =E15*H15 -> 2661502.4 | J15: Terminal Ilinka | K15: Barbarov
A16: =A15+1 -> 12 | B16: 46050 | C16: 8610493 | D16: 73230583 | E16: 60.1 | F16: 495.79 | G16: =E16*F16 -> 29796.979 | H16: 43524.16 | I16: =E16*H16 -> 2615802 | J16: Terminal Ilinka | K16: Barbarov
A17: =A16+1 -> 13 | B17: 46050 | C17: 8610492 | D17: 73230773 | E17: 59.15 | F17: 495.79 | G17: =E17*F17 -> 29325.979 | H17: 43524.16 | I17: =E17*H17 -> 2574454.1 | J17: Terminal Ilinka | K17: Barbarov
... A28: =A27+1 -> 24 | B28: 46050 | C28: 8610493 | D28: 76163393 | E28: 62.35 | F28: 495.79 | G28: =E28*F28 -> 30912.507 | H28: 43524.16 | I28: =E28*H28 -> 2713731.4 | J28: Terminal Ilinka | K28: Barbarov
E29: =SUM(E5:E28) -> 1464.9 | G29: =SUM(G5:G28) -> 726282.99 | I29: =SUM(I5:I28) -> 63758542
A30: 25 | B30: 46050 | C30: 8610498 | D30: 50416544 | E30: 57.5 | F30: 495.79 | G30: =E30*F30 -> 28507.925 | H30: 43524.16 | I30: =E30*H30 -> 2502639.2 | J30: Terminal Ilinka | K30: Barbarov
A31: =A30+1 -> 26 | B31: 46050 | C31: 8610498 | D31: 50485804 | E31: 57.35 | F31: 495.79 | G31: =E31*F31 -> 28433.557 | H31: 43524.16 | I31: =E31*H31 -> 2496110.6 | J31: Terminal Ilinka | K31: Barbarov
A32: =A31+1 -> 27 | B32: 46050 | C32: 8610498 | D32: 51308252 | E32: 56.15 | F32: 495.79 | G32: =E32*F32 -> 27838.609 | H32: 43524.16 | I32: =E32*H32 -> 2443881.6 | J32: Terminal Ilinka | K32: Barbarov
A33: =A32+1 -> 28 | B33: 46050 | C33: 8610498 | D33: 57446692 | E33: 58.65 | F33: 495.79 | G33: =E33*F33 -> 29078.084 | H33: 43524.16 | I33: =E33*H33 -> 2552692 | J33: Terminal Ilinka | K33: Barbarov
A34: =A33+1 -> 29 | B34: 46050 | C34: 8610498 | D34: 73120339 | E34: 60.4 | F34: 495.79 | G34: =E34*F34 -> 29945.716 | H34: 43524.16 | I34: =E34*H34 -> 2628859.3 | J34: Terminal Ilinka | K34: Barbarov
A35: =A34+1 -> 30 | B35: 46050 | C35: 8610498 | D35: 73137333 | E35: 58.65 | F35: 495.79 | G35: =E35*F35 -> 29078.084 | H35: 43524.16 | I35: =E35*H35 -> 2552692 | J35: Terminal Ilinka | K35: Barbarov
A36: =A35+1 -> 31 | B36: 46050 | C36: 8610498 | D36: 73166217 | E36: 59.75 | F36: 495.79 | G36: =E36*F36 -> 29623.452 | H36: 43524.16 | I36: =E36*H36 -> 2600568.6 | J36: Terminal Ilinka | K36: Barbarov
A37: =A36+1 -> 32 | B37: 46050 | C37: 8610498 | D37: 73169328 | E37: 59.7 | F37: 495.79 | G37: =E37*F37 -> 29598.663 | H37: 43524.16 | I37: =E37*H37 -> 2598392.4 | J37: Terminal Ilinka | K37: Barbarov
A38: =A37+1 -> 33 | B38: 46050 | C38: 8610498 | D38: 73225385 | E38: 60.55 | F38: 495.79 | G38: =E38*F38 -> 30020.085 | H38: 43524.16 | I38: =E38*H38 -> 2635387.9 | J38: Terminal Ilinka | K38: Barbarov
A39: =A38+1 -> 34 | B39: 46050 | C39: 8610498 | D39: 73229270 | E39: 61.1 | F39: 495.79 | G39: =E39*F39 -> 30292.769 | H39: 43524.16 | I39: =E39*H39 -> 2659326.2 | J39: Terminal Ilinka | K39: Barbarov
A40: =A39+1 -> 35 | B40: 46050 | C40: 8610498 | D40: 73232035 | E40: 59.9 | F40: 495.79 | G40: =E40*F40 -> 29697.821 | H40: 43524.16 | I40: =E40*H40 -> 2607097.2 | J40: Terminal Ilinka | K40: Barbarov
E41: =SUM(E30:E40) -> 649.7 | G41: =SUM(G30:G40) -> 322114.76 | I41: =SUM(I30:I40) -> 28277647
A42: 36 | B42: 46051 | C42: 8610559 | D42: 51340032 | E42: 62.5 | F42: 495.79 | G42: =E42*F42 -> 30986.875 | H42: 43524.16 | I42: =E42*H42 -> 2720260 | J42: Terminal Ilinka | K42: Barbarov
A43: =A42+1 -> 37 | B43: 46051 | C43: 8610559 | D43: 51513380 | E43: 59.3 | F43: 495.79 | G43: =E43*F43 -> 29400.347 | H43: 43524.16 | I43: =E43*H43 -> 2580982.7 | J43: Terminal Ilinka | K43: Barbarov
A44: =A43+1 -> 38 | B44: 46051 | C44: 8610559 | D44: 53935144 | E44: 58.65 | F44: 495.79 | G44: =E44*F44 -> 29078.084 | H44: 43524.16 | I44: =E44*H44 -> 2552692 | J44: Terminal Ilinka | K44: Barbarov
A45: =A44+1 -> 39 | B45: 46051 | C45: 8610559 | D45: 53935631 | E45: 58.5 | F45: 495.79 | G45: =E45*F45 -> 29003.715 | H45: 43524.16 | I45: =E45*H45 -> 2546163.4 | J45: Terminal Ilinka | K45: Barbarov
A46: =A45+1 -> 40 | B46: 46051 | C46: 8610559 | D46: 54696091 | E46: 62.4 | F46: 495.79 | G46: =E46*F46 -> 30937.296 | H46: 43524.16 | I46: =E46*H46 -> 2715907.6 | J46: Terminal Ilinka | K46: Barbarov
A47: =A46+1 -> 41 | B47: 46051 | C47: 8610559 | D47: 73185563 | E47: 62.1 | F47: 495.79 | G47: =E47*F47 -> 30788.559 | H47: 43524.16 | I47: =E47*H47 -> 2702850.3 | J47: Terminal Ilinka | K47: Barbarov
A48: =A47+1 -> 42 | B48: 46051 | C48: 8610559 | D48: 73964405 | E48: 61.35 | F48: 495.79 | G48: =E48*F48 -> 30416.717 | H48: 43524.16 | I48: =E48*H48 -> 2670207.2 | J48: Terminal Ilinka | K48: Barbarov
A49: =A48+1 -> 43 | B49: 46051 | C49: 8610559 | D49: 75056986 | E49: 64.25 | F49: 495.79 | G49: =E49*F49 -> 31854.507 | H49: 43524.16 | I49: =E49*H49 -> 2796427.3 | J49: Terminal Ilinka | K49: Barbarov
A50: =A49+1 -> 44 | B50: 46051 | C50: 8610559 | D50: 75295915 | E50: 64.9 | F50: 495.79 | G50: =E50*F50 -> 32176.771 | H50: 43524.16 | I50: =E50*H50 -> 2824718 | J50: Terminal Ilinka | K50: Barbarov
A51: =A50+1 -> 45 | B51: 46051 | C51: 8610559 | D51: 75523795 | E51: 63.05 | F51: 495.79 | G51: =E51*F51 -> 31259.559 | H51: 43524.16 | I51: =E51*H51 -> 2744198.3 | J51: Terminal Ilinka | K51: Barbarov
A52: =A51+1 -> 46 | B52: 46051 | C52: 8610559 | D52: 76198399 | E52: 61.5 | F52: 495.79 | G52: =E52*F52 -> 30491.085 | H52: 43524.16 | I52: =E52*H52 -> 2676735.8 | J52: Terminal Ilinka | K52: Barbarov
A53: =A52+1 -> 47 | B53: 46051 | C53: 8610559 | D53: 76422997 | E53: 63.8 | F53: 495.79 | G53: =E53*F53 -> 31631.402 | H53: 43524.16 | I53: =E53*H53 -> 2776841.4 | J53: Terminal Ilinka | K53: Barbarov
E54: =SUM(E42:E53) -> 742.3 | G54: =SUM(G42:G53) -> 368024.92 | I54: =SUM(I42:I53) -> 32307984
A55: 48 | B55: 46052 | C55: 8610571 | D55: 50937911 | E55: 61 | F55: 495.79 | G55: =E55*F55 -> 30243.19 | H55: 43524.16 | I55: =E55*H55 -> 2654973.8 | J55: Terminal Ilinka | K55: Barbarov
A56: =A55+1 -> 49 | B56: 46052 | C56: 8610571 | D56: 51378586 | E56: 57.35 | F56: 495.79 | G56: =E56*F56 -> 28433.557 | H56: 43524.16 | I56: =E56*H56 -> 2496110.6 | J56: Terminal Ilinka | K56: Barbarov
A57: =A56+1 -> 50 | B57: 46052 | C57: 8610571 | D57: 51791002 | E57: 57.55 | F57: 495.79 | G57: =E57*F57 -> 28532.714 | H57: 43524.16 | I57: =E57*H57 -> 2504815.4 | J57: Terminal Ilinka | K57: Barbarov
A58: =A57+1 -> 51 | B58: 46052 | C58: 8610571 | D58: 51858553 | E58: 61.45 | F58: 495.79 | G58: =E58*F58 -> 30466.296 | H58: 43524.16 | I58: =E58*H58 -> 2674559.6 | J58: Terminal Ilinka | K58: Barbarov
A59: =A58+1 -> 52 | B59: 46052 | C59: 8610571 | D59: 54098553 | E59: 60.7 | F59: 495.79 | G59: =E59*F59 -> 30094.453 | H59: 43524.16 | I59: =E59*H59 -> 2641916.5 | J59: Terminal Ilinka | K59: Barbarov
A60: =A59+1 -> 53 | B60: 46052 | C60: 8610571 | D60: 54604350 | E60: 63.9 | F60: 495.79 | G60: =E60*F60 -> 31680.981 | H60: 43524.16 | I60: =E60*H60 -> 2781193.8 | J60: Terminal Ilinka | K60: Barbarov
A61: =A60+1 -> 54 | B61: 46052 | C61: 8610571 | D61: 54699046 | E61: 62.05 | F61: 495.79 | G61: =E61*F61 -> 30763.769 | H61: 43524.16 | I61: =E61*H61 -> 2700674.1 | J61: Terminal Ilinka | K61: Barbarov
A62: =A61+1 -> 55 | B62: 46052 | C62: 8610571 | D62: 54719117 | E62: 63.5 | F62: 495.79 | G62: =E62*F62 -> 31482.665 | H62: 43524.16 | I62: =E62*H62 -> 2763784.2 | J62: Terminal Ilinka | K62: Barbarov
A63: =A62+1 -> 56 | B63: 46052 | C63: 8610571 | D63: 57209926 | E63: 61.3 | F63: 495.79 | G63: =E63*F63 -> 30391.927 | H63: 43524.16 | I63: =E63*H63 -> 2668031 | J63: Terminal Ilinka | K63: Barbarov
A64: =A63+1 -> 57 | B64: 46052 | C64: 8610571 | D64: 73199069 | E64: 60.15 | F64: 495.79 | G64: =E64*F64 -> 29821.769 | H64: 43524.16 | I64: =E64*H64 -> 2617978.2 | J64: Terminal Ilinka | K64: Barbarov
E65: =SUM(E55:E64) -> 608.95 | G65: =SUM(G55:G64) -> 301911.32 | I65: =SUM(I55:I64) -> 26504037
A66: 58 | B66: 46052 | C66: 8610578 | D66: 50197813 | E66: 60.3 | F66: 495.79 | G66: =E66*F66 -> 29896.137 | H66: 43524.16 | I66: =E66*H66 -> 2624506.8 | J66: Terminal Ilinka | K66: Barbarov
A67: =A66+1 -> 59 | B67: 46052 | C67: 8610577 | D67: 50396498 | E67: 64 | F67: 495.79 | G67: =E67*F67 -> 31730.56 | H67: 43524.16 | I67: =E67*H67 -> 2785546.2 | J67: Terminal Ilinka | K67: Barbarov
A68: =A67+1 -> 60 | B68: 46052 | C68: 8610578 | D68: 50400076 | E68: 61.55 | F68: 495.79 | G68: =E68*F68 -> 30515.874 | H68: 43524.16 | I68: =E68*H68 -> 2678912 | J68: Terminal Ilinka | K68: Barbarov
A69: =A68+1 -> 61 | B69: 46052 | C69: 8610578 | D69: 50409705 | E69: 61.2 | F69: 495.79 | G69: =E69*F69 -> 30342.348 | H69: 43524.16 | I69: =E69*H69 -> 2663678.6 | J69: Terminal Ilinka | K69: Barbarov
A70: =A69+1 -> 62 | B70: 46052 | C70: 8610578 | D70: 50510395 | E70: 60.5 | F70: 495.79 | G70: =E70*F70 -> 29995.295 | H70: 43524.16 | I70: =E70*H70 -> 2633211.7 | J70: Terminal Ilinka | K70: Barbarov
A71: =A70+1 -> 63 | B71: 46052 | C71: 8610577 | D71: 51391183 | E71: 57.55 | F71: 495.79 | G71: =E71*F71 -> 28532.714 | H71: 43524.16 | I71: =E71*H71 -> 2504815.4 | J71: Terminal Ilinka | K71: Barbarov
A72: =A71+1 -> 64 | B72: 46052 | C72: 8610579 | D72: 51393700 | E72: 60.85 | F72: 495.79 | G72: =E72*F72 -> 30168.822 | H72: 43524.16 | I72: =E72*H72 -> 2648445.1 | J72: Terminal Ilinka | K72: Barbarov
A73: =A72+1 -> 65 | B73: 46052 | C73: 8610578 | D73: 53914735 | E73: 57.2 | F73: 495.79 | G73: =E73*F73 -> 28359.188 | H73: 43524.16 | I73: =E73*H73 -> 2489582 | J73: Terminal Ilinka | K73: Barbarov
A74: =A73+1 -> 66 | B74: 46052 | C74: 8610577 | D74: 53950267 | E74: 56.5 | F74: 495.79 | G74: =E74*F74 -> 28012.135 | H74: 43524.16 | I74: =E74*H74 -> 2459115 | J74: Terminal Ilinka | K74: Barbarov
A75: =A74+1 -> 67 | B75: 46052 | C75: 8610579 | D75: 54027081 | E75: 61.55 | F75: 495.79 | G75: =E75*F75 -> 30515.874 | H75: 43524.16 | I75: =E75*H75 -> 2678912 | J75: Terminal Ilinka | K75: Barbarov
A76: =A75+1 -> 68 | B76: 46052 | C76: 8610579 | D76: 54247283 | E76: 60.85 | F76: 495.79 | G76: =E76*F76 -> 30168.822 | H76: 43524.16 | I76: =E76*H76 -> 2648445.1 | J76: Terminal Ilinka | K76: Barbarov
A77: =A76+1 -> 69 | B77: 46052 | C77: 8610577 | D77: 54596903 | E77: 61.25 | F77: 495.79 | G77: =E77*F77 -> 30367.138 | H77: 43524.16 | I77: =E77*H77 -> 2665854.8 | J77: Terminal Ilinka | K77: Barbarov
A78: =A77+1 -> 70 | B78: 46052 | C78: 8610577 | D78: 54744867 | E78: 63.25 | F78: 495.79 | G78: =E78*F78 -> 31358.718 | H78: 43524.16 | I78: =E78*H78 -> 2752903.1 | J78: Terminal Ilinka | K78: Barbarov
... A97: =A96+1 -> 89 | B97: 46052 | C97: 8610578 | D97: 75402495 | E97: 60.4 | F97: 495.79 | G97: =E97*F97 -> 29945.716 | H97: 43524.16 | I97: =E97*H97 -> 2628859.3 | J97: Terminal Ilinka | K97: Barbarov
E98: =SUM(E66:E97) -> 1959.4 | G98: =SUM(G66:G97) -> 971450.93 | I98: =SUM(I66:I97) -> 85281239
A99: 90 | B99: 46053 | C99: 8610625 | D99: 50778521 | E99: 57.8 | F99: 495.79 | G99: =E99*F99 -> 28656.662 | H99: 43524.16 | I99: =E99*H99 -> 2515696.4 | J99: Terminal Ilinka | K99: Barbarov
A100: =A99+1 -> 91 | B100: 46053 | C100: 8610624 | D100: 50914191 | E100: 62.9 | F100: 495.79 | G100: =E100*F100 -> 31185.191 | H100: 43524.16 | I100: =E100*H100 -> 2737669.7 | J100: Terminal Ilinka | K100: Barbarov
A101: =A100+1 -> 92 | B101: 46053 | C101: 8610624 | D101: 51402246 | E101: 59.95 | F101: 495.79 | G101: =E101*F101 -> 29722.611 | H101: 43524.16 | I101: =E101*H101 -> 2609273.4 | J101: Terminal Ilinka | K101: Barbarov
A102: =A101+1 -> 93 | B102: 46053 | C102: 8610626 | D102: 57380495 | E102: 57.45 | F102: 495.79 | G102: =E102*F102 -> 28483.136 | H102: 43524.16 | I102: =E102*H102 -> 2500463 | J102: Terminal Ilinka | K102: Barbarov
A103: =A102+1 -> 94 | B103: 46053 | C103: 8610624 | D103: 57428559 | E103: 63.65 | F103: 495.79 | G103: =E103*F103 -> 31557.034 | H103: 43524.16 | I103: =E103*H103 -> 2770312.8 | J103: Terminal Ilinka | K103: Barbarov
A104: =A103+1 -> 95 | B104: 46053 | C104: 8610624 | D104: 73065153 | E104: 61.55 | F104: 495.79 | G104: =E104*F104 -> 30515.874 | H104: 43524.16 | I104: =E104*H104 -> 2678912 | J104: Terminal Ilinka | K104: Barbarov
A105: =A104+1 -> 96 | B105: 46053 | C105: 8610624 | D105: 73126559 | E105: 60.3 | F105: 495.79 | G105: =E105*F105 -> 29896.137 | H105: 43524.16 | I105: =E105*H105 -> 2624506.8 | J105: Terminal Ilinka | K105: Barbarov
A106: =A105+1 -> 97 | B106: 46053 | C106: 8610624 | D106: 73179814 | E106: 62.05 | F106: 495.79 | G106: =E106*F106 -> 30763.769 | H106: 43524.16 | I106: =E106*H106 -> 2700674.1 | J106: Terminal Ilinka | K106: Barbarov
A107: =A106+1 -> 98 | B107: 46053 | C107: 8610624 | D107: 73222267 | E107: 62 | F107: 495.79 | G107: =E107*F107 -> 30738.98 | H107: 43524.16 | I107: =E107*H107 -> 2698497.9 | J107: Terminal Ilinka | K107: Barbarov
A108: =A107+1 -> 99 | B108: 46053 | C108: 8610624 | D108: 73225443 | E108: 61.6 | F108: 495.79 | G108: =E108*F108 -> 30540.664 | H108: 43524.16 | I108: =E108*H108 -> 2681088.3 | J108: Terminal Ilinka | K108: Barbarov
A109: =A108+1 -> 100 | B109: 46053 | C109: 8610624 | D109: 75293506 | E109: 62.45 | F109: 495.79 | G109: =E109*F109 -> 30962.086 | H109: 43524.16 | I109: =E109*H109 -> 2718083.8 | J109: Terminal Ilinka | K109: Barbarov
A110: =A109+1 -> 101 | B110: 46053 | C110: 8610624 | D110: 76606292 | E110: 62.25 | F110: 495.79 | G110: =E110*F110 -> 30862.928 | H110: 43524.16 | I110: =E110*H110 -> 2709379 | J110: Terminal Ilinka | K110: Barbarov
E111: =SUM(E99:E110) -> 733.95 | G111: =SUM(G99:G110) -> 363885.07 | I111: =SUM(I99:I110) -> 31944557
A112: Totall in January: | E112: =E29+E41+E54+E65+E98+E111 -> 6159.2 | G112: =G29+G41+G54+G65+G98+G111 -> 3053670 | I112: =I29+I41+I54+I65+I98+I111 -> 2.6807401e+08
A113: 102 | B113: 46064 | C113: 8610916 | D113: 55946727 | E113: 59.4 | F113: ='[3]Platt''s 2026'!O31-138.57 -> 545.355 | G113: =E113*F113 -> 32394.087 | H113: 43524.16 | I113: =E113*H113 -> 2585335.1 | J113: Terminal Ilinka | K113: Barbarov
A114: 103 | B114: 46064 | C114: 8610915 | D114: 71044929 | E114: 60.55 | F114: 545.36 | G114: =E114*F114 -> 33021.548 | H114: 43524.16 | I114: =E114*H114 -> 2635387.9 | J114: Terminal Ilinka | K114: Barbarov
E115: =SUM(E113:E114) -> 119.95 | G115: =SUM(G113:G114) -> 65415.635 | I115: =SUM(I113:I114) -> 5220723
A116: 104 | B116: 46067 | C116: 08610998 | D116: 51752368 | E116: 57.8 | F116: 545.36 | G116: =E116*F116 -> 31521.808 | H116: 43524.16 | I116: =E116*H116 -> 2515696.4 | J116: Terminal Ilinka | K116: Barbarov
A117: =A116+1 -> 105 | B117: 46067 | C117: 08610998 | D117: 54695895 | E117: 62.75 | F117: 545.36 | G117: =E117*F117 -> 34221.34 | H117: 43524.16 | I117: =E117*H117 -> 2731141 | J117: Terminal Ilinka | K117: Barbarov
A118: =A117+1 -> 106 | B118: 46067 | C118: 08610998 | D118: 57946998 | E118: 62.75 | F118: 545.36 | G118: =E118*F118 -> 34221.34 | H118: 43524.16 | I118: =E118*H118 -> 2731141 | J118: Terminal Ilinka | K118: Barbarov
A119: =A118+1 -> 107 | B119: 46067 | C119: 08610998 | D119: 73054538 | E119: 63.3 | F119: 545.36 | G119: =E119*F119 -> 34521.288 | H119: 43524.16 | I119: =E119*H119 -> 2755079.3 | J119: Terminal Ilinka | K119: Barbarov
A120: =A119+1 -> 108 | B120: 46067 | C120: 08610998 | D120: 73072613 | E120: 62.8 | F120: 545.36 | G120: =E120*F120 -> 34248.608 | H120: 43524.16 | I120: =E120*H120 -> 2733317.2 | J120: Terminal Ilinka | K120: Barbarov
A121: =A120+1 -> 109 | B121: 46067 | C121: 08610998 | D121: 73105306 | E121: 62.9 | F121: 545.36 | G121: =E121*F121 -> 34303.144 | H121: 43524.16 | I121: =E121*H121 -> 2737669.7 | J121: Terminal Ilinka | K121: Barbarov
A122: =A121+1 -> 110 | B122: 46067 | C122: 08610998 | D122: 73213803 | E122: 62.45 | F122: 545.36 | G122: =E122*F122 -> 34057.732 | H122: 43524.16 | I122: =E122*H122 -> 2718083.8 | J122: Terminal Ilinka | K122: Barbarov
A123: =A122+1 -> 111 | B123: 46067 | C123: 08610998 | D123: 73274086 | E123: 62.65 | F123: 545.36 | G123: =E123*F123 -> 34166.804 | H123: 43524.16 | I123: =E123*H123 -> 2726788.6 | J123: Terminal Ilinka | K123: Barbarov
A124: =A123+1 -> 112 | B124: 46067 | C124: 08610998 | D124: 73724080 | E124: 60.65 | F124: 545.36 | G124: =E124*F124 -> 33076.084 | H124: 43524.16 | I124: =E124*H124 -> 2639740.3 | J124: Terminal Ilinka | K124: Barbarov
A125: =A124+1 -> 113 | B125: 46067 | C125: 08610998 | D125: 74996380 | E125: 63.75 | F125: 545.36 | G125: =E125*F125 -> 34766.7 | H125: 43524.16 | I125: =E125*H125 -> 2774665.2 | J125: Terminal Ilinka | K125: Barbarov
A126: =A125+1 -> 114 | B126: 46067 | C126: 08610998 | D126: 75107631 | E126: 63.4 | F126: 545.36 | G126: =E126*F126 -> 34575.824 | H126: 43524.16 | I126: =E126*H126 -> 2759431.7 | J126: Terminal Ilinka | K126: Barbarov
A127: =A126+1 -> 115 | B127: 46067 | C127: 08610998 | D127: 75218834 | E127: 63.15 | F127: 545.36 | G127: =E127*F127 -> 34439.484 | H127: 43524.16 | I127: =E127*H127 -> 2748550.7 | J127: Terminal Ilinka | K127: Barbarov
A128: =A127+1 -> 116 | B128: 46067 | C128: 08610998 | D128: 75237453 | E128: 64 | F128: 545.36 | G128: =E128*F128 -> 34903.04 | H128: 43524.16 | I128: =E128*H128 -> 2785546.2 | J128: Terminal Ilinka | K128: Barbarov
...

Sheet 37 - M -15000 MT Gasoline -70
A1: Contract BNK-KHM/9-4-12/140 dd 29.07.2022, between "BNK-FZCO" (UAE) and "KHUMOR" LLC (KYRGYZ REPUBLIC) | T1: AI-92-K5
A2: ADDENDUM № 37-M dd 19.03.26 (DAP TRUSOVO) 15'000 mt
F3: -70$
A4: № | B4: Date | C4: RWB No | D4: Wagons No | E4: Loaded quantity (MT) | F4: Price in January 01.03.26-31.03.26 $ | G4: Total | H4: Fix price in rub | I4: Total | J4: Consignee | K4: Destination | M4: Transport in rub | N4: Total | O4: Transport in $ (preliminary) | P4: Total | Q4: Date of arrival of wagons | R4: Date of leak | S4: Quantity | T4: Difference | U4: Remarks
A5: 1 | B5: 46106 | C5: 8612351 | D5: 50054584 | E5: 60.15 | F5: ='[4]Platt''s 2026'!S34-70 -> 903.38636 | G5: =E5*F5 -> 54338.69 | H5: 75336.02 | I5: =E5*H5 -> 4531461.6 | J5: Terminal Ilinka | K5: Trusowo | O5: 83.02 | P5: =E5*O5 -> 4993.653
A6: =A5+1 -> 2 | B6: 46106 | C6: 8612351 | D6: 50398296 | E6: 60.1 | F6: 903.39 | G6: =E6*F6 -> 54293.739 | H6: 75336.02 | I6: =E6*H6 -> 4527694.8 | J6: Terminal Ilinka | K6: Trusowo | O6: 83.02 | P6: =E6*O6 -> 4989.502
A7: =A6+1 -> 3 | B7: 46106 | C7: 8612351 | D7: 50416825 | E7: 60.05 | F7: 903.39 | G7: =E7*F7 -> 54248.569 | H7: 75336.02 | I7: =E7*H7 -> 4523928 | J7: Terminal Ilinka | K7: Trusowo | O7: 83.02 | P7: =E7*O7 -> 4985.351
A8: =A7+1 -> 4 | B8: 46106 | C8: 8612350 | D8: 51077568 | E8: 60.65 | F8: 903.39 | G8: =E8*F8 -> 54790.603 | H8: 75336.02 | I8: =E8*H8 -> 4569129.6 | J8: Terminal Ilinka | K8: Trusowo | O8: 83.02 | P8: =E8*O8 -> 5035.163
A9: =A8+1 -> 5 | B9: 46106 | C9: 8612350 | D9: 51095644 | E9: 60.65 | F9: 903.39 | G9: =E9*F9 -> 54790.603 | H9: 75336.02 | I9: =E9*H9 -> 4569129.6 | J9: Terminal Ilinka | K9: Trusowo | O9: 83.02 | P9: =E9*O9 -> 5035.163
A10: =A9+1 -> 6 | B10: 46106 | C10: 8612350 | D10: 51216737 | E10: 60.15 | F10: 903.39 | G10: =E10*F10 -> 54338.908 | H10: 75336.02 | I10: =E10*H10 -> 4531461.6 | J10: Terminal Ilinka | K10: Trusowo | O10: 83.02 | P10: =E10*O10 -> 4993.653
A11: =A10+1 -> 7 | B11: 46106 | C11: 8612350 | D11: 51419166 | E11: 60.15 | F11: 903.39 | G11: =E11*F11 -> 54338.908 | H11: 75336.02 | I11: =E11*H11 -> 4531461.6 | J11: Terminal Ilinka | K11: Trusowo | O11: 83.02 | P11: =E11*O11 -> 4993.653
A12: =A11+1 -> 8 | B12: 46106 | C12: 8612350 | D12: 51688893 | E12: 60.1 | F12: 903.39 | G12: =E12*F12 -> 54293.739 | H12: 75336.02 | I12: =E12*H12 -> 4527694.8 | J12: Terminal Ilinka | K12: Trusowo | O12: 83.02 | P12: =E12*O12 -> 4989.502
A13: =A12+1 -> 9 | B13: 46106 | C13: 8612350 | D13: 51813103 | E13: 60.3 | F13: 903.39 | G13: =E13*F13 -> 54474.417 | H13: 75336.02 | I13: =E13*H13 -> 4542762 | J13: Terminal Ilinka | K13: Trusowo | O13: 83.02 | P13: =E13*O13 -> 5006.106
A14: =A13+1 -> 10 | B14: 46106 | C14: 8612350 | D14: 54075502 | E14: 60.1 | F14: 903.39 | G14: =E14*F14 -> 54293.739 | H14: 75336.02 | I14: =E14*H14 -> 4527694.8 | J14: Terminal Ilinka | K14: Trusowo | O14: 83.02 | P14: =E14*O14 -> 4989.502
A15: =A14+1 -> 11 | B15: 46106 | C15: 8612351 | D15: 54092374 | E15: 60.05 | F15: 903.39 | G15: =E15*F15 -> 54248.569 | H15: 75336.02 | I15: =E15*H15 -> 4523928 | J15: Terminal Ilinka | K15: Trusowo | O15: 83.02 | P15: =E15*O15 -> 4985.351
A16: =A15+1 -> 12 | B16: 46106 | C16: 8612351 | D16: 54095849 | E16: 60.35 | F16: 903.39 | G16: =E16*F16 -> 54519.586 | H16: 75336.02 | I16: =E16*H16 -> 4546528.8 | J16: Terminal Ilinka | K16: Trusowo | O16: 83.02 | P16: =E16*O16 -> 5010.257
A17: =A16+1 -> 13 | B17: 46106 | C17: 8612350 | D17: 54243910 | E17: 60.55 | F17: 903.39 | G17: =E17*F17 -> 54700.264 | H17: 75336.02 | I17: =E17*H17 -> 4561596 | J17: Terminal Ilinka | K17: Trusowo | O17: 83.02 | P17: =E17*O17 -> 5026.861
... A38: =A37+1 -> 34 | B38: 46106 | C38: 8612351 | D38: 75291559 | E38: 60.95 | F38: 903.39 | G38: =E38*F38 -> 55061.621 | H38: 75336.02 | I38: =E38*H38 -> 4591730.4 | J38: Terminal Ilinka | K38: Trusowo | O38: 83.02 | P38: =E38*O38 -> 5060.069
E39: =SUM(E5:E38) -> 2056.8 | G39: =SUM(G5:G38) -> 1858092.3 | I39: =SUM(I5:I38) -> 1.5495113e+08 | P39: =SUM(P5:P38) -> 170755.54
A40: 35 | B40: 46108 | C40: 8612382 | D40: 50786052 | E40: 51.35 | F40: 903.39 | G40: =E40*F40 -> 46389.077 | H40: 75336.02 | I40: =E40*H40 -> 3868504.6 | J40: Terminal Ilinka | K40: Trusowo | O40: 83.02 | P40: =E40*O40 -> 4263.077
A41: =A40+1 -> 36 | B41: 46108 | C41: 8612382 | D41: 51247757 | E41: 60.05 | F41: 903.39 | G41: =E41*F41 -> 54248.569 | H41: 75336.02 | I41: =E41*H41 -> 4523928 | J41: Terminal Ilinka | K41: Trusowo | O41: 83.02 | P41: =E41*O41 -> 4985.351
A42: =A41+1 -> 37 | B42: 46108 | C42: 8612382 | D42: 53872081 | E42: 60.2 | F42: 903.39 | G42: =E42*F42 -> 54384.078 | H42: 75336.02 | I42: =E42*H42 -> 4535228.4 | J42: Terminal Ilinka | K42: Trusowo | O42: 83.02 | P42: =E42*O42 -> 4997.804
A43: =A42+1 -> 38 | B43: 46108 | C43: 8612382 | D43: 55306948 | E43: 60.2 | F43: 903.39 | G43: =E43*F43 -> 54384.078 | H43: 75336.02 | I43: =E43*H43 -> 4535228.4 | J43: Terminal Ilinka | K43: Trusowo | O43: 83.02 | P43: =E43*O43 -> 4997.804
A44: =A43+1 -> 39 | B44: 46108 | C44: 8612382 | D44: 57010274 | E44: 60.75 | F44: 903.39 | G44: =E44*F44 -> 54880.942 | H44: 75336.02 | I44: =E44*H44 -> 4576663.2 | J44: Terminal Ilinka | K44: Trusowo | O44: 83.02 | P44: =E44*O44 -> 5043.465
A45: =A44+1 -> 40 | B45: 46108 | C45: 8612382 | D45: 75032425 | E45: 60.8 | F45: 903.39 | G45: =E45*F45 -> 54926.112 | H45: 75336.02 | I45: =E45*H45 -> 4580430 | J45: Terminal Ilinka | K45: Trusowo | O45: 83.02 | P45: =E45*O45 -> 5047.616
E46: =SUM(E40:E45) -> 353.35 | G46: =SUM(G40:G45) -> 319212.86 | I46: =SUM(I40:I45) -> 26619983 | P46: =SUM(P40:P45) -> 29335.117
A47: 41 | B47: 46109 | C47: 8612392 | D47: 51254498 | E47: 50.7 | F47: 903.39 | G47: =E47*F47 -> 45801.873 | H47: 75336.02 | I47: =E47*H47 -> 3819536.2 | J47: Terminal Ilinka | K47: Trusowo | O47: 83.02 | P47: =E47*O47 -> 4209.114
A48: =A47+1 -> 42 | B48: 46109 | C48: 8612392 | D48: 51463206 | E48: 50.75 | F48: 903.39 | G48: =E48*F48 -> 45847.042 | H48: 75336.02 | I48: =E48*H48 -> 3823303 | J48: Terminal Ilinka | K48: Trusowo | O48: 83.02 | P48: =E48*O48 -> 4213.265
A49: =A48+1 -> 43 | B49: 46109 | C49: 8612392 | D49: 73013674 | E49: 60.4 | F49: 903.39 | G49: =E49*F49 -> 54564.756 | H49: 75336.02 | I49: =E49*H49 -> 4550295.6 | J49: Terminal Ilinka | K49: Trusowo | O49: 83.02 | P49: =E49*O49 -> 5014.408
A50: =A49+1 -> 44 | B50: 46109 | C50: 8612392 | D50: 75208835 | E50: 60.65 | F50: 903.39 | G50: =E50*F50 -> 54790.603 | H50: 75336.02 | I50: =E50*H50 -> 4569129.6 | J50: Terminal Ilinka | K50: Trusowo | O50: 83.02 | P50: =E50*O50 -> 5035.163
A51: =A50+1 -> 45 | B51: 46109 | C51: 8612392 | D51: 75283051 | E51: 60.65 | F51: 903.39 | G51: =E51*F51 -> 54790.603 | H51: 75336.02 | I51: =E51*H51 -> 4569129.6 | J51: Terminal Ilinka | K51: Trusowo | O51: 83.02 | P51: =E51*O51 -> 5035.163
A52: =A51+1 -> 46 | B52: 46109 | C52: 8612392 | D52: 75309278 | E52: 60.65 | F52: 903.39 | G52: =E52*F52 -> 54790.603 | H52: 75336.02 | I52: =E52*H52 -> 4569129.6 | J52: Terminal Ilinka | K52: Trusowo | O52: 83.02 | P52: =E52*O52 -> 5035.163
A53: =A52+1 -> 47 | B53: 46109 | C53: 8612392 | D53: 75867697 | E53: 60.6 | F53: 903.39 | G53: =E53*F53 -> 54745.434 | H53: 75336.02 | I53: =E53*H53 -> 4565362.8 | J53: Terminal Ilinka | K53: Trusowo | O53: 83.02 | P53: =E53*O53 -> 5031.012
A54: =A53+1 -> 48 | B54: 46109 | C54: 8612393 | D54: 50309194 | E54: 59.85 | F54: 903.39 | G54: =E54*F54 -> 54067.891 | H54: 75336.02 | I54: =E54*H54 -> 4508860.8 | J54: Terminal Ilinka | K54: Trusowo | O54: 83.02 | P54: =E54*O54 -> 4968.747
A55: =A54+1 -> 49 | B55: 46109 | C55: 8612390 | D55: 50362367 | E55: 52.15 | F55: 903.39 | G55: =E55*F55 -> 47111.788 | H55: 75336.02 | I55: =E55*H55 -> 3928773.4 | J55: Terminal Ilinka | K55: Trusowo | O55: 83.02 | P55: =E55*O55 -> 4329.493
A56: =A55+1 -> 50 | B56: 46109 | C56: 8612390 | D56: 50375930 | E56: 52.2 | F56: 903.39 | G56: =E56*F56 -> 47156.958 | H56: 75336.02 | I56: =E56*H56 -> 3932540.2 | J56: Terminal Ilinka | K56: Trusowo | O56: 83.02 | P56: =E56*O56 -> 4333.644
A57: =A56+1 -> 51 | B57: 46109 | C57: 8612391 | D57: 50413830 | E57: 59.85 | F57: 903.39 | G57: =E57*F57 -> 54067.891 | H57: 75336.02 | I57: =E57*H57 -> 4508860.8 | J57: Terminal Ilinka | K57: Trusowo | O57: 83.02 | P57: =E57*O57 -> 4968.747
A58: =A57+1 -> 52 | B58: 46109 | C58: 8612389 | D58: 50484666 | E58: 59.9 | F58: 903.39 | G58: =E58*F58 -> 54113.061 | H58: 75336.02 | I58: =E58*H58 -> 4512627.6 | J58: Terminal Ilinka | K58: Trusowo | O58: 83.02 | P58: =E58*O58 -> 4972.898
A59: =A58+1 -> 53 | B59: 46109 | C59: 8612391 | D59: 50485200 | E59: 59.85 | F59: 903.39 | G59: =E59*F59 -> 54067.891 | H59: 75336.02 | I59: =E59*H59 -> 4508860.8 | J59: Terminal Ilinka | K59: Trusowo | O59: 83.02 | P59: =E59*O59 -> 4968.747
... A104: =A103+1 -> 98 | B104: 46109 | C104: 8612390 | D104: 76575794 | E104: 60.65 | F104: 903.39 | G104: =E104*F104 -> 54790.603 | H104: 75336.02 | I104: =E104*H104 -> 4569129.6 | J104: Terminal Ilinka | K104: Trusowo | O104: 83.02 | P104: =E104*O104 -> 5035.163
E105: =SUM(E47:E104) -> 3423.95 | G105: =SUM(G47:G104) -> 3093162.2 | I105: =SUM(I47:I104) -> 2.5794677e+08 | P105: =SUM(P47:P104) -> 284256.33
A106: 99 | B106: 46111 | C106: 8612472 | D106: 50414085 | E106: 60 | F106: 903.39 | G106: =E106*F106 -> 54203.4 | H106: 75336.02 | I106: =E106*H106 -> 4520161.2 | J106: Terminal Ilinka | K106: Trusowo | O106: 83.02 | P106: =E106*O106 -> 4981.2
A107: =A106+1 -> 100 | B107: 46111 | C107: 8612471 | D107: 51528214 | E107: 51.75 | F107: 903.39 | G107: =E107*F107 -> 46750.433 | H107: 75336.02 | I107: =E107*H107 -> 3898639 | J107: Terminal Ilinka | K107: Trusowo | O107: 83.02 | P107: =E107*O107 -> 4296.285
A108: =A107+1 -> 101 | B108: 46111 | C108: 8612471 | D108: 73102147 | E108: 60.45 | F108: 903.39 | G108: =E108*F108 -> 54609.926 | H108: 75336.02 | I108: =E108*H108 -> 4554062.4 | J108: Terminal Ilinka | K108: Trusowo | O108: 83.02 | P108: =E108*O108 -> 5018.559
A109: =A108+1 -> 102 | B109: 46111 | C109: 8612471 | D109: 73126328 | E109: 60.5 | F109: 903.39 | G109: =E109*F109 -> 54655.095 | H109: 75336.02 | I109: =E109*H109 -> 4557829.2 | J109: Terminal Ilinka | K109: Trusowo | O109: 83.02 | P109: =E109*O109 -> 5022.71
A110: =A109+1 -> 103 | B110: 46111 | C110: 8612472 | D110: 73135568 | E110: 60.45 | F110: 903.39 | G110: =E110*F110 -> 54609.926 | H110: 75336.02 | I110: =E110*H110 -> 4554062.4 | J110: Terminal Ilinka | K110: Trusowo | O110: 83.02 | P110: =E110*O110 -> 5018.559
A111: =A110+1 -> 104 | B111: 46111 | C111: 8612471 | D111: 73172983 | E111: 60.5 | F111: 903.39 | G111: =E111*F111 -> 54655.095 | H111: 75336.02 | I111: =E111*H111 -> 4557829.2 | J111: Terminal Ilinka | K111: Trusowo | O111: 83.02 | P111: =E111*O111 -> 5022.71
A112: =A111+1 -> 105 | B112: 46111 | C112: 8612471 | D112: 73173650 | E112: 60.5 | F112: 903.39 | G112: =E112*F112 -> 54655.095 | H112: 75336.02 | I112: =E112*H112 -> 4557829.2 | J112: Terminal Ilinka | K112: Trusowo | O112: 83.02 | P112: =E112*O112 -> 5022.71
A113: =A112+1 -> 106 | B113: 46111 | C113: 8612471 | D113: 73176737 | E113: 60.35 | F113: 903.39 | G113: =E113*F113 -> 54519.586 | H113: 75336.02 | I113: =E113*H113 -> 4546528.8 | J113: Terminal Ilinka | K113: Trusowo | O113: 83.02 | P113: =E113*O113 -> 5010.257
A114: =A113+1 -> 107 | B114: 46111 | C114: 8612472 | D114: 73224552 | E114: 60.45 | F114: 903.39 | G114: =E114*F114 -> 54609.926 | H114: 75336.02 | I114: =E114*H114 -> 4554062.4 | J114: Terminal Ilinka | K114: Trusowo | O114: 83.02 | P114: =E114*O114 -> 5018.559
A115: =A114+1 -> 108 | B115: 46111 | C115: 8612472 | D115: 73224644 | E115: 60.5 | F115: 903.39 | G115: =E115*F115 -> 54655.095 | H115: 75336.02 | I115: =E115*H115 -> 4557829.2 | J115: Terminal Ilinka | K115: Trusowo | O115: 83.02 | P115: =E115*O115 -> 5022.71
A116: =A115+1 -> 109 | B116: 46111 | C116: 8612472 | D116: 73228553 | E116: 60.55 | F116: 903.39 | G116: =E116*F116 -> 54700.264 | H116: 75336.02 | I116: =E116*H116 -> 4561596 | J116: Terminal Ilinka | K116: Trusowo | O116: 83.02 | P116: =E116*O116 -> 5026.861
A117: =A116+1 -> 110 | B117: 46111 | C117: 8612472 | D117: 75330027 | E117: 61 | F117: 903.39 | G117: =E117*F117 -> 55106.79 | H117: 75336.02 | I117: =E117*H117 -> 4595497.2 | J117: Terminal Ilinka | K117: Trusowo | O117: 83.02 | P117: =E117*O117 -> 5064.22
A118: =A117+1 -> 111 | B118: 46111 | C118: 8612471 | D118: 75330035 | E118: 60.95 | F118: 903.39 | G118: =E118*F118 -> 55061.621 | H118: 75336.02 | I118: =E118*H118 -> 4591730.4 | J118: Terminal Ilinka | K118: Trusowo | O118: 83.02 | P118: =E118*O118 -> 5060.069
... A134: =A133+1 -> 127 | B134: 46111 | C134: 8612472 | D134: 76566595 | E134: 60.75 | F134: 903.39 | G134: =E134*F134 -> 54880.942 | H134: 75336.02 | I134: =E134*H134 -> 4576663.2 | J134: Terminal Ilinka | K134: Trusowo | O134: 83.02 | P134: =E134*O134 -> 5043.465
E135: =SUM(E106:E134) -> 1752.65 | G135: =SUM(G106:G134) -> 1583326.5 | I135: =SUM(I106:I134) -> 1.3203768e+08 | P135: =SUM(P106:P134) -> 145505
A136: 128 | B136: 46112 | C136: 8612494 | D136: 51498186 | E136: 50.8 | F136: 903.39 | G136: =E136*F136 -> 45892.212 | H136: 75336.02 | I136: =E136*H136 -> 3827069.8 | J136: Terminal Ilinka | K136: Trusowo | O136: 83.02 | P136: =E136*O136 -> 4217.416
A137: =A136+1 -> 129 | B137: 46112 | C137: 8612495 | D137: 54243985 | E137: 60.4 | F137: 903.39 | G137: =E137*F137 -> 54564.756 | H137: 75336.02 | I137: =E137*H137 -> 4550295.6 | J137: Terminal Ilinka | K137: Trusowo | O137: 83.02 | P137: =E137*O137 -> 5014.408
A138: =A137+1 -> 130 | B138: 46112 | C138: 8612496 | D138: 58708462 | E138: 60.6 | F138: 903.39 | G138: =E138*F138 -> 54745.434 | H138: 75336.02 | I138: =E138*H138 -> 4565362.8 | J138: Terminal Ilinka | K138: Trusowo | O138: 83.02 | P138: =E138*O138 -> 5031.012
A139: =A138+1 -> 131 | B139: 46112 | C139: 8612494 | D139: 73007742 | E139: 60.65 | F139: 903.39 | G139: =E139*F139 -> 54790.603 | H139: 75336.02 | I139: =E139*H139 -> 4569129.6 | J139: Terminal Ilinka | K139: Trusowo | O139: 83.02 | P139: =E139*O139 -> 5035.163
A140: =A139+1 -> 132 | B140: 46112 | C140: 8612494 | D140: 73034662 | E140: 60.4 | F140: 903.39 | G140: =E140*F140 -> 54564.756 | H140: 75336.02 | I140: =E140*H140 -> 4550295.6 | J140: Terminal Ilinka | K140: Trusowo | O140: 83.02 | P140: =E140*O140 -> 5014.408
A141: =A140+1 -> 133 | B141: 46112 | C141: 8612494 | D141: 73065823 | E141: 60.35 | F141: 903.39 | G141: =E141*F141 -> 54519.586 | H141: 75336.02 | I141: =E141*H141 -> 4546528.8 | J141: Terminal Ilinka | K141: Trusowo | O141: 83.02 | P141: =E141*O141 -> 5010.257
A142: =A141+1 -> 134 | B142: 46112 | C142: 8612494 | D142: 73081838 | E142: 60.6 | F142: 903.39 | G142: =E142*F142 -> 54745.434 | H142: 75336.02 | I142: =E142*H142 -> 4565362.8 | J142: Terminal Ilinka | K142: Trusowo | O142: 83.02 | P142: =E142*O142 -> 5031.012
A143: =A142+1 -> 135 | B143: 46112 | C143: 8612494 | D143: 73113557 | E143: 60.4 | F143: 903.39 | G143: =E143*F143 -> 54564.756 | H143: 75336.02 | I143: =E143*H143 -> 4550295.6 | J143: Terminal Ilinka | K143: Trusowo | O143: 83.02 | P143: =E143*O143 -> 5014.408
A144: =A143+1 -> 136 | B144: 46112 | C144: 8612494 | D144: 73165417 | E144: 60.75 | F144: 903.39 | G144: =E144*F144 -> 54880.942 | H144: 75336.02 | I144: =E144*H144 -> 4576663.2 | J144: Terminal Ilinka | K144: Trusowo | O144: 83.02 | P144: =E144*O144 -> 5043.465
A145: =A144+1 -> 137 | B145: 46112 | C145: 8612494 | D145: 75330514 | E145: 61.15 | F145: 903.39 | G145: =E145*F145 -> 55242.298 | H145: 75336.02 | I145: =E145*H145 -> 4606797.6 | J145: Terminal Ilinka | K145: Trusowo | O145: 83.02 | P145: =E145*O145 -> 5076.673
A146: =A145+1 -> 138 | B146: 46112 | C146: 8612494 | D146: 76982495 | E146: 61 | F146: 903.39 | G146: =E146*F146 -> 55106.79 | H146: 75336.02 | I146: =E146*H146 -> 4595497.2 | J146: Terminal Ilinka | K146: Trusowo | O146: 83.02 | P146: =E146*O146 -> 5064.22
E147: =SUM(E136:E146) -> 657.1 | G147: =SUM(G136:G146) -> 593617.57 | I147: =SUM(I136:I146) -> 49503299 | P147: =SUM(P136:P146) -> 54552.442
A148: 139 | B148: 46113 | C148: 8612511 | D148: 51230274 | E148: 60.05 | F148: 903.39 | G148: =E148*F148 -> 54248.569 | H148: 75336.02 | I148: =E148*H148 -> 4523928 | J148: Terminal Ilinka | K148: Trusowo | O148: 83.02 | P148: =E148*O148 -> 4985.351
A149: =A148+1 -> 140 | B149: 46113 | C149: 8612516 | D149: 51457430 | E149: 59.9 | F149: 903.39 | G149: =E149*F149 -> 54113.061 | H149: 75336.02 | I149: =E149*H149 -> 4512627.6 | J149: Terminal Ilinka | K149: Trusowo | O149: 83.02 | P149: =E149*O149 -> 4972.898
A150: =A149+1 -> 141 | B150: 46113 | C150: 8612514 | D150: 51680908 | E150: 51.95 | F150: 903.39 | G150: =E150*F150 -> 46931.111 | H150: 75336.02 | I150: =E150*H150 -> 3913706.2 | J150: Terminal Ilinka | K150: Trusowo | O150: 83.02 | P150: =E150*O150 -> 4312.889
A151: =A150+1 -> 142 | B151: 46113 | C151: 8612512 | D151: 54092978 | E151: 60.15 | F151: 903.39 | G151: =E151*F151 -> 54338.908 | H151: 75336.02 | I151: =E151*H151 -> 4531461.6 | J151: Terminal Ilinka | K151: Trusowo | O151: 83.02 | P151: =E151*O151 -> 4993.653
A152: =A151+1 -> 143 | B152: 46113 | C152: 8612510 | D152: 54095138 | E152: 59.95 | F152: 903.39 | G152: =E152*F152 -> 54158.231 | H152: 75336.02 | I152: =E152*H152 -> 4516394.4 | J152: Terminal Ilinka | K152: Trusowo | O152: 83.02 | P152: =E152*O152 -> 4977.049
A153: =A152+1 -> 144 | B153: 46113 | C153: 8612512 | D153: 57907479 | E153: 60.15 | F153: 903.39 | G153: =E153*F153 -> 54338.908 | H153: 75336.02 | I153: =E153*H153 -> 4531461.6 | J153: Terminal Ilinka | K153: Trusowo | O153: 83.02 | P153: =E153*O153 -> 4993.653
A154: =A153+1 -> 145 | B154: 46113 | C154: 8612512 | D154: 73228447 | E154: 60.45 | F154: 903.39 | G154: =E154*F154 -> 54609.926 | H154: 75336.02 | I154: =E154*H154 -> 4554062.4 | J154: Terminal Ilinka | K154: Trusowo | O154: 83.02 | P154: =E154*O154 -> 5018.559
A155: =A154+1 -> 146 | B155: 46113 | C155: 8612512 | D155: 73236077 | E155: 60.55 | F155: 903.39 | G155: =E155*F155 -> 54700.264 | H155: 75336.02 | I155: =E155*H155 -> 4561596 | J155: Terminal Ilinka | K155: Trusowo | O155: 83.02 | P155: =E155*O155 -> 5026.861
A156: =A155+1 -> 147 | B156: 46113 | C156: 8612515 | D156: 74903931 | E156: 60.4 | F156: 903.39 | G156: =E156*F156 -> 54564.756 | H156: 75336.02 | I156: =E156*H156 -> 4550295.6 | J156: Terminal Ilinka | K156: Trusowo | O156: 83.02 | P156: =E156*O156 -> 5014.408
A157: =A156+1 -> 148 | B157: 46113 | C157: 8612513 | D157: 75094821 | E157: 60.4 | F157: 903.39 | G157: =E157*F157 -> 54564.756 | H157: 75336.02 | I157: =E157*H157 -> 4550295.6 | J157: Terminal Ilinka | K157: Trusowo | O157: 83.02 | P157: =E157*O157 -> 5014.408
A158: =A157+1 -> 149 | B158: 46113 | C158: 8612512 | D158: 76283399 | E158: 60.85 | F158: 903.39 | G158: =E158*F158 -> 54971.281 | H158: 75336.02 | I158: =E158*H158 -> 4584196.8 | J158: Terminal Ilinka | K158: Trusowo | O158: 83.02 | P158: =E158*O158 -> 5051.767
E159: =SUM(E148:E158) -> 654.8 | G159: =SUM(G148:G158) -> 591539.77 | I159: =SUM(I148:I158) -> 49330026 | P159: =SUM(P148:P158) -> 54361.496
A160: 150 | B160: 46113 | C160: 8612519 | D160: 50198597 | E160: 60.65 | F160: 903.39 | G160: =E160*F160 -> 54790.603 | H160: 75336.02 | I160: =E160*H160 -> 4569129.6 | J160: Terminal Ilinka | K160: Trusowo | O160: 83.02 | P160: =E160*O160 -> 5035.163
A161: =A160+1 -> 151 | B161: 46113 | C161: 8612520 | D161: 50362458 | E161: 52.7 | F161: 903.39 | G161: =E161*F161 -> 47608.653 | H161: 75336.02 | I161: =E161*H161 -> 3970208.3 | J161: Terminal Ilinka | K161: Trusowo | O161: 83.02 | P161: =E161*O161 -> 4375.154
A162: =A161+1 -> 152 | B162: 46113 | C162: 8612520 | D162: 50497163 | E162: 60.6 | F162: 903.39 | G162: =E162*F162 -> 54745.434 | H162: 75336.02 | I162: =E162*H162 -> 4565362.8 | J162: Terminal Ilinka | K162: Trusowo | O162: 83.02 | P162: =E162*O162 -> 5031.012
A163: =A162+1 -> 153 | B163: 46113 | C163: 8612519 | D163: 50539865 | E163: 60.6 | F163: 903.39 | G163: =E163*F163 -> 54745.434 | H163: 75336.02 | I163: =E163*H163 -> 4565362.8 | J163: Terminal Ilinka | K163: Trusowo | O163: 83.02 | P163: =E163*O163 -> 5031.012
A164: =A163+1 -> 154 | B164: 46113 | C164: 8612519 | D164: 50749068 | E164: 60.35 | F164: 903.39 | G164: =E164*F164 -> 54519.586 | H164: 75336.02 | I164: =E164*H164 -> 4546528.8 | J164: Terminal Ilinka | K164: Trusowo | O164: 83.02 | P164: =E164*O164 -> 5010.257
A165: =A164+1 -> 155 | B165: 46113 | C165: 8612520 | D165: 50974567 | E165: 60.6 | F165: 903.39 | G165: =E165*F165 -> 54745.434 | H165: 75336.02 | I165: =E165*H165 -> 4565362.8 | J165: Terminal Ilinka | K165: Trusowo | O165: 83.02 | P165: =E165*O165 -> 5031.012
A166: =A165+1 -> 156 | B166: 46113 | C166: 8612520 | D166: 52078698 | E166: 60.6 | F166: 903.39 | G166: =E166*F166 -> 54745.434 | H166: 75336.02 | I166: =E166*H166 -> 4565362.8 | J166: Terminal Ilinka | K166: Trusowo | O166: 83.02 | P166: =E166*O166 -> 5031.012
A167: =A166+1 -> 157 | B167: 46113 | C167: 8612519 | D167: 53873527 | E167: 60.6 | F167: 903.39 | G167: =E167*F167 -> 54745.434 | H167: 75336.02 | I167: =E167*H167 -> 4565362.8 | J167: Terminal Ilinka | K167: Trusowo | O167: 83.02 | P167: =E167*O167 -> 5031.012
A168: =A167+1 -> 158 | B168: 46113 | C168: 8612522 | D168: 54032222 | E168: 60.7 | F168: 903.39 | G168: =E168*F168 -> 54835.773 | H168: 75336.02 | I168: =E168*H168 -> 4572896.4 | J168: Terminal Ilinka | K168: Trusowo | O168: 83.02 | P168: =E168*O168 -> 5039.314
A169: =A168+1 -> 159 | B169: 46113 | C169: 8612520 | D169: 54070933 | E169: 60.6 | F169: 903.39 | G169: =E169*F169 -> 54745.434 | H169: 75336.02 | I169: =E169*H169 -> 4565362.8 | J169: Terminal Ilinka | K169: Trusowo | O169: 83.02 | P169: =E169*O169 -> 5031.012
A170: =A169+1 -> 160 | B170: 46113 | C170: 8612520 | D170: 54092531 | E170: 60.6 | F170: 903.39 | G170: =E170*F170 -> 54745.434 | H170: 75336.02 | I170: =E170*H170 -> 4565362.8 | J170: Terminal Ilinka | K170: Trusowo | O170: 83.02 | P170: =E170*O170 -> 5031.012
A171: =A170+1 -> 161 | B171: 46113 | C171: 8612520 | D171: 54092879 | E171: 60.7 | F171: 903.39 | G171: =E171*F171 -> 54835.773 | H171: 75336.02 | I171: =E171*H171 -> 4572896.4 | J171: Terminal Ilinka | K171: Trusowo | O171: 83.02 | P171: =E171*O171 -> 5039.314
A172: =A171+1 -> 162 | B172: 46113 | C172: 8612520 | D172: 54256474 | E172: 60.55 | F172: 903.39 | G172: =E172*F172 -> 54700.264 | H172: 75336.02 | I172: =E172*H172 -> 4561596 | J172: Terminal Ilinka | K172: Trusowo | O172: 83.02 | P172: =E172*O172 -> 5026.861
... A192: =A191+1 -> 182 | B192: 46113 | C192: 8612520 | D192: 76576198 | E192: 61.6 | F192: 903.39 | G192: =E192*F192 -> 55648.824 | H192: 75336.02 | I192: =E192*H192 -> 4640698.8 | J192: Terminal Ilinka | K192: Trusowo | O192: 83.02 | P192: =E192*O192 -> 5114.032
E193: =SUM(E160:E192) -> 2002.55 | G193: =SUM(G160:G192) -> 1809083.6 | I193: =SUM(I160:I192) -> 1.5086415e+08 | P193: =SUM(P160:P192) -> 166251.7
A194: 183 | B194: 46119 | C194: 8612679 | D194: 50032366 | E194: 60.25 | F194: 903.39 | G194: =E194*F194 -> 54429.247 | H194: 75336.02 | I194: =E194*H194 -> 4538995.2 | J194: Terminal Ilinka | K194: Trusowo | O194: 83.02 | P194: =E194*O194 -> 5001.955
A195: =A194+1 -> 184 | B195: 46119 | C195: 8612680 | D195: 50409713 | E195: 59.25 | F195: 903.39 | G195: =E195*F195 -> 53525.857 | H195: 75336.02 | I195: =E195*H195 -> 4463659.2 | J195: Terminal Ilinka | K195: Trusowo | O195: 83.02 | P195: =E195*O195 -> 4918.935
A196: =A195+1 -> 185 | B196: 46119 | C196: 8612679 | D196: 50413368 | E196: 58.2 | F196: 903.39 | G196: =E196*F196 -> 52577.298 | H196: 75336.02 | I196: =E196*H196 -> 4384556.4 | J196: Terminal Ilinka | K196: Trusowo | O196: 83.02 | P196: =E196*O196 -> 4831.764
A197: =A196+1 -> 186 | B197: 46119 | C197: 8612679 | D197: 50416536 | E197: 58.7 | F197: 903.39 | G197: =E197*F197 -> 53028.993 | H197: 75336.02 | I197: =E197*H197 -> 4422224.4 | J197: Terminal Ilinka | K197: Trusowo | O197: 83.02 | P197: =E197*O197 -> 4873.274
A198: =A197+1 -> 187 | B198: 46119 | C198: 8612679 | D198: 50913532 | E198: 56.65 | F198: 903.39 | G198: =E198*F198 -> 51177.043 | H198: 75336.02 | I198: =E198*H198 -> 4267785.5 | J198: Terminal Ilinka | K198: Trusowo | O198: 83.02 | P198: =E198*O198 -> 4703.083
...

Sheet 38 - M # 10000#APRIL -44
A1: Contract BNK-KHM/9-4-12/140 dd 29.07.2022, between "BNK-FZCO" (UAE) and "KHUMOR" LLC (KYRGYZ REPUBLIC) | T1: AI-92-K5
A2: ADDENDUM № 38-M dd 22.04.26 (DAP TRUSOVO)
G3: Agreement № 1 dd 22.04.2026 | T3: 10'000mt
F4: -44$
A5: № | B5: Date | C5: RWB No | D5: Wagons No | E5: Loaded quantity (MT) | F5: Price in april 01.04.26-30.04.26 $ | G5: Total | H5: Fix price in rub | I5: Total | J5: Consignee | K5: Destination | M5: Transport in rub | N5: Total | O5: Transport in $ (preliminary) | P5: Total | Q5: Date of arrival of wagons | R5: Date of leak | S5: Quantity | T5: Difference | U5: Remarks
A6: 1 | B6: 46137 | C6: 40000334 | D6: 50913581 | E6: 59.2 | F6: ='[5]Platt''s 2026'!V33-44 -> 1016.0125 | G6: =E6*F6 -> 60147.94 | H6: 76.8898 | I6: =E6*H6 -> 4551.8762 | J6: Terminal Ilinka | K6: Trusowo
A7: =A6+1 -> 2 | B7: 46137 | C7: 40000335 | D7: 51513158 | E7: 50.05 | F7: 1016.01 | G7: =E7*F7 -> 50851.3 | H7: 76.8898 | I7: =E7*H7 -> 3848.3345 | J7: Terminal Ilinka | K7: Trusowo
A8: =A7+1 -> 3 | B8: 46137 | C8: 40000335 | D8: 54702865 | E8: 59.7 | F8: 1016.01 | G8: =E8*F8 -> 60655.797 | H8: 76.8898 | I8: =E8*H8 -> 4590.3211 | J8: Terminal Ilinka | K8: Trusowo
A9: =A8+1 -> 4 | B9: 46137 | C9: 40000335 | D9: 55052153 | E9: 59.8 | F9: 1016.01 | G9: =E9*F9 -> 60757.398 | H9: 76.8898 | I9: =E9*H9 -> 4598.01 | J9: Terminal Ilinka | K9: Trusowo
A10: =A9+1 -> 5 | B10: 46137 | C10: 40000335 | D10: 57077968 | E10: 59.8 | F10: 1016.01 | G10: =E10*F10 -> 60757.398 | H10: 76.8898 | I10: =E10*H10 -> 4598.01 | J10: Terminal Ilinka | K10: Trusowo
A11: =A10+1 -> 6 | B11: 46137 | C11: 40000335 | D11: 57634198 | E11: 59.2 | F11: 1016.01 | G11: =E11*F11 -> 60147.792 | H11: 76.8898 | I11: =E11*H11 -> 4551.8762 | J11: Terminal Ilinka | K11: Trusowo
A12: =A11+1 -> 7 | B12: 46137 | C12: 40000335 | D12: 73187700 | E12: 59.8 | F12: 1016.01 | G12: =E12*F12 -> 60757.398 | H12: 76.8898 | I12: =E12*H12 -> 4598.01 | J12: Terminal Ilinka | K12: Trusowo
A13: =A12+1 -> 8 | B13: 46137 | C13: 40000335 | D13: 73197956 | E13: 59.8 | F13: 1016.01 | G13: =E13*F13 -> 60757.398 | H13: 76.8898 | I13: =E13*H13 -> 4598.01 | J13: Terminal Ilinka | K13: Trusowo
A14: =A13+1 -> 9 | B14: 46137 | C14: 40000335 | D14: 73198210 | E14: 59.85 | F14: 1016.01 | G14: =E14*F14 -> 60808.198 | H14: 76.8898 | I14: =E14*H14 -> 4601.8545 | J14: Terminal Ilinka | K14: Trusowo
A15: =A14+1 -> 10 | B15: 46137 | C15: 40000335 | D15: 74084245 | E15: 59.8 | F15: 1016.01 | G15: =E15*F15 -> 60757.398 | H15: 76.8898 | I15: =E15*H15 -> 4598.01 | J15: Terminal Ilinka | K15: Trusowo
A16: =A15+1 -> 11 | B16: 46137 | C16: 40000334 | D16: 75316208 | E16: 60.3 | F16: 1016.01 | G16: =E16*F16 -> 61265.403 | H16: 76.8898 | I16: =E16*H16 -> 4636.4549 | J16: Terminal Ilinka | K16: Trusowo
A17: =A16+1 -> 12 | B17: 46137 | C17: 40000334 | D17: 75316265 | E17: 60.25 | F17: 1016.01 | G17: =E17*F17 -> 61214.603 | H17: 76.8898 | I17: =E17*H17 -> 4632.6104 | J17: Terminal Ilinka | K17: Trusowo
A18: =A17+1 -> 13 | B18: 46137 | C18: 40000334 | D18: 75316356 | E18: 60.45 | F18: 1016.01 | G18: =E18*F18 -> 61417.805 | H18: 76.8898 | I18: =E18*H18 -> 4647.9884 | J18: Terminal Ilinka | K18: Trusowo
... A21: =A20+1 -> 16 | B21: 46137 | C21: 40000334 | D21: 75318881 | E21: 60.3 | F21: 1016.01 | G21: =E21*F21 -> 61265.403 | H21: 76.8898 | I21: =E21*H21 -> 4636.4549 | J21: Terminal Ilinka | K21: Trusowo
E22: =SUM(E6:E21) -> 949.35 | G22: =SUM(G6:G21) -> 964549.24 | I22: =SUM(I6:I21) -> 72995.332
A23: 17 | B23: 46139 | C23: 40000615 | D23: 50175595 | E23: 60.3 | F23: 1016.01 | G23: =E23*F23 -> 61265.403 | H23: 76.8898 | I23: =E23*H23 -> 4636.4549 | J23: Terminal Ilinka | K23: Trusowo
A24: =A23+1 -> 18 | B24: 46139 | C24: 40000615 | D24: 50485044 | E24: 59.3 | F24: 1016.01 | G24: =E24*F24 -> 60249.393 | H24: 76.8898 | I24: =E24*H24 -> 4559.5651 | J24: Terminal Ilinka | K24: Trusowo
A25: =A24+1 -> 19 | B25: 46139 | C25: 40000616 | D25: 51247757 | E25: 59.4 | F25: 1016.01 | G25: =E25*F25 -> 60350.994 | H25: 76.8898 | I25: =E25*H25 -> 4567.2541 | J25: Terminal Ilinka | K25: Trusowo
A26: =A25+1 -> 20 | B26: 46139 | C26: 40000616 | D26: 51404655 | E26: 59.25 | F26: 1016.01 | G26: =E26*F26 -> 60198.592 | H26: 76.8898 | I26: =E26*H26 -> 4555.7206 | J26: Terminal Ilinka | K26: Trusowo
A27: =A26+1 -> 21 | B27: 46139 | C27: 40000615 | D27: 51435451 | E27: 51 | F27: 1016.01 | G27: =E27*F27 -> 51816.51 | H27: 76.8898 | I27: =E27*H27 -> 3921.3798 | J27: Terminal Ilinka | K27: Trusowo
A28: =A27+1 -> 22 | B28: 46139 | C28: 40000615 | D28: 51543791 | E28: 59.05 | F28: 1016.01 | G28: =E28*F28 -> 59995.39 | H28: 76.8898 | I28: =E28*H28 -> 4540.3427 | J28: Terminal Ilinka | K28: Trusowo
A29: =A28+1 -> 23 | B29: 46139 | C29: 40000616 | D29: 53872081 | E29: 59.25 | F29: 1016.01 | G29: =E29*F29 -> 60198.592 | H29: 76.8898 | I29: =E29*H29 -> 4555.7206 | J29: Terminal Ilinka | K29: Trusowo
A30: =A29+1 -> 24 | B30: 46139 | C30: 40000615 | D30: 54596887 | E30: 59.3 | F30: 1016.01 | G30: =E30*F30 -> 60249.393 | H30: 76.8898 | I30: =E30*H30 -> 4559.5651 | J30: Terminal Ilinka | K30: Trusowo
A31: =A30+1 -> 25 | B31: 46139 | C31: 40000616 | D31: 57134157 | E31: 59.2 | F31: 1016.01 | G31: =E31*F31 -> 60147.792 | H31: 76.8898 | I31: =E31*H31 -> 4551.8762 | J31: Terminal Ilinka | K31: Trusowo
A32: =A31+1 -> 26 | B32: 46139 | C32: 40000616 | D32: 57173874 | E32: 59.7 | F32: 1016.01 | G32: =E32*F32 -> 60655.797 | H32: 76.8898 | I32: =E32*H32 -> 4590.3211 | J32: Terminal Ilinka | K32: Trusowo
A33: =A32+1 -> 27 | B33: 46139 | C33: 40000616 | D33: 57643892 | E33: 59.45 | F33: 1016.01 | G33: =E33*F33 -> 60401.795 | H33: 76.8898 | I33: =E33*H33 -> 4571.0986 | J33: Terminal Ilinka | K33: Trusowo
A34: =A33+1 -> 28 | B34: 46139 | C34: 40000616 | D34: 58709866 | E34: 59.75 | F34: 1016.01 | G34: =E34*F34 -> 60706.597 | H34: 76.8898 | I34: =E34*H34 -> 4594.1655 | J34: Terminal Ilinka | K34: Trusowo
A35: =A34+1 -> 29 | B35: 46139 | C35: 40000615 | D35: 73036782 | E35: 59.75 | F35: 1016.01 | G35: =E35*F35 -> 60706.597 | H35: 76.8898 | I35: =E35*H35 -> 4594.1655 | J35: Terminal Ilinka | K35: Trusowo
... A43: =A42+1 -> 37 | B43: 46139 | C43: 40000615 | D43: 75332239 | E43: 60.4 | F43: 1016.01 | G43: =E43*F43 -> 61367.004 | H43: 76.8898 | I43: =E43*H43 -> 4644.1439 | J43: Terminal Ilinka | K43: Trusowo
E44: =SUM(E23:E43) -> 1243.65 | G44: =SUM(G23:G43) -> 1263560.8 | I44: =SUM(I23:I43) -> 95624
A45: 38 | B45: 46140 | C45: 40000620 | D45: 50919323 | E45: 59.85 | F45: 1016.01 | G45: =E45*F45 -> 60808.198 | H45: 76.8898 | I45: =E45*H45 -> 4601.8545 | J45: Terminal Ilinka | K45: Trusowo
A46: =A45+1 -> 39 | B46: 46140 | C46: 40000620 | D46: 54695846 | E46: 59.9 | F46: 1016.01 | G46: =E46*F46 -> 60858.999 | H46: 76.8898 | I46: =E46*H46 -> 4605.699 | J46: Terminal Ilinka | K46: Trusowo
A47: =A46+1 -> 40 | B47: 46140 | C47: 40000620 | D47: 55948871 | E47: 59.85 | F47: 1016.01 | G47: =E47*F47 -> 60808.198 | H47: 76.8898 | I47: =E47*H47 -> 4601.8545 | J47: Terminal Ilinka | K47: Trusowo
A48: =A47+1 -> 41 | B48: 46140 | C48: 40000620 | D48: 57261729 | E48: 60 | F48: 1016.01 | G48: =E48*F48 -> 60960.6 | H48: 76.8898 | I48: =E48*H48 -> 4613.388 | J48: Terminal Ilinka | K48: Trusowo
A49: =A48+1 -> 42 | B49: 46140 | C49: 40000620 | D49: 58294174 | E49: 59.95 | F49: 1016.01 | G49: =E49*F49 -> 60909.8 | H49: 76.8898 | I49: =E49*H49 -> 4609.5435 | J49: Terminal Ilinka | K49: Trusowo
A50: =A49+1 -> 43 | B50: 46140 | C50: 40000620 | D50: 73137572 | E50: 59.95 | F50: 1016.01 | G50: =E50*F50 -> 60909.8 | H50: 76.8898 | I50: =E50*H50 -> 4609.5435 | J50: Terminal Ilinka | K50: Trusowo
A51: =A50+1 -> 44 | B51: 46140 | C51: 40000620 | D51: 73171605 | E51: 60 | F51: 1016.01 | G51: =E51*F51 -> 60960.6 | H51: 76.8898 | I51: =E51*H51 -> 4613.388 | J51: Terminal Ilinka | K51: Trusowo
A52: =A51+1 -> 45 | B52: 46140 | C52: 40000620 | D52: 73189854 | E52: 60.1 | F52: 1016.01 | G52: =E52*F52 -> 61062.201 | H52: 76.8898 | I52: =E52*H52 -> 4621.077 | J52: Terminal Ilinka | K52: Trusowo
A53: =A52+1 -> 46 | B53: 46140 | C53: 40000620 | D53: 73190480 | E53: 60.15 | F53: 1016.01 | G53: =E53*F53 -> 61113.001 | H53: 76.8898 | I53: =E53*H53 -> 4624.9215 | J53: Terminal Ilinka | K53: Trusowo
A54: =A53+1 -> 47 | B54: 46140 | C54: 40000620 | D54: 73198905 | E54: 59.85 | F54: 1016.01 | G54: =E54*F54 -> 60808.198 | H54: 76.8898 | I54: =E54*H54 -> 4601.8545 | J54: Terminal Ilinka | K54: Trusowo
A55: =A54+1 -> 48 | B55: 46140 | C55: 40000620 | D55: 73551525 | E55: 60.1 | F55: 1016.01 | G55: =E55*F55 -> 61062.201 | H55: 76.8898 | I55: =E55*H55 -> 4621.077 | J55: Terminal Ilinka | K55: Trusowo
A56: =A55+1 -> 49 | B56: 46140 | C56: 40000620 | D56: 75229989 | E56: 60.35 | F56: 1016.01 | G56: =E56*F56 -> 61316.204 | H56: 76.8898 | I56: =E56*H56 -> 4640.2994 | J56: Terminal Ilinka | K56: Trusowo
A57: =A56+1 -> 50 | B57: 46140 | C57: 40000620 | D57: 75231902 | E57: 60.45 | F57: 1016.01 | G57: =E57*F57 -> 61417.805 | H57: 76.8898 | I57: =E57*H57 -> 4647.9884 | J57: Terminal Ilinka | K57: Trusowo
... A59: =A58+1 -> 52 | B59: 46140 | C59: 40000620 | D59: 76366392 | E59: 60.4 | F59: 1016.01 | G59: =E59*F59 -> 61367.004 | H59: 76.8898 | I59: =E59*H59 -> 4644.1439 | J59: Terminal Ilinka | K59: Trusowo
E60: =SUM(E45:E59) -> 901.3 | G60: =SUM(G45:G59) -> 915729.81 | I60: =SUM(I45:I59) -> 69300.777
A61: 53 | B61: 46140 | C61: 40000726 | D61: 51818730 | E61: 59.45 | F61: 1016.01 | G61: =E61*F61 -> 60401.795 | H61: 76.8898 | I61: =E61*H61 -> 4571.0986 | J61: Terminal Ilinka | K61: Trusowo
A62: =A61+1 -> 54 | B62: 46140 | C62: 40000728 | D62: 56905094 | E62: 59.45 | F62: 1016.01 | G62: =E62*F62 -> 60401.795 | H62: 76.8898 | I62: =E62*H62 -> 4571.0986 | J62: Terminal Ilinka | K62: Trusowo
A63: =A62+1 -> 55 | B63: 46140 | C63: 40000729 | D63: 74944414 | E63: 59.85 | F63: 1016.01 | G63: =E63*F63 -> 60808.198 | H63: 76.8898 | I63: =E63*H63 -> 4601.8545 | J63: Terminal Ilinka | K63: Trusowo
A64: =A63+1 -> 56 | B64: 46140 | C64: 40000727 | D64: 75085357 | E64: 60.4 | F64: 1016.01 | G64: =E64*F64 -> 61367.004 | H64: 76.8898 | I64: =E64*H64 -> 4644.1439 | J64: Terminal Ilinka | K64: Trusowo
E65: =SUM(E61:E64) -> 239.15 | G65: =SUM(G61:G64) -> 242978.79 | I65: =SUM(I61:I64) -> 18388.196
A66: 57 | B66: 46141 | C66: 40000747 | D66: 50350404 | E66: 59.4 | F66: 1016.01 | G66: =E66*F66 -> 60350.994 | H66: 76.8898 | I66: =E66*H66 -> 4567.2541 | J66: Terminal Ilinka | K66: Trusowo
A67: =A66+1 -> 58 | B67: 46141 | C67: 40000744 | D67: 50779008 | E67: 50.95 | F67: 1016.01 | G67: =E67*F67 -> 51765.71 | H67: 76.8898 | I67: =E67*H67 -> 3917.5353 | J67: Terminal Ilinka | K67: Trusowo
A68: =A67+1 -> 59 | B68: 46141 | C68: 40000745 | D68: 51241842 | E68: 59.45 | F68: 1016.01 | G68: =E68*F68 -> 60401.795 | H68: 76.8898 | I68: =E68*H68 -> 4571.0986 | J68: Terminal Ilinka | K68: Trusowo
A69: =A68+1 -> 60 | B69: 46141 | C69: 40000747 | D69: 51394385 | E69: 59.2 | F69: 1016.01 | G69: =E69*F69 -> 60147.792 | H69: 76.8898 | I69: =E69*H69 -> 4551.8762 | J69: Terminal Ilinka | K69: Trusowo
A70: =A69+1 -> 61 | B70: 46141 | C70: 40000747 | D70: 51548071 | E70: 50.25 | F70: 1016.01 | G70: =E70*F70 -> 51054.503 | H70: 76.8898 | I70: =E70*H70 -> 3863.7124 | J70: Terminal Ilinka | K70: Trusowo
A71: =A70+1 -> 62 | B71: 46141 | C71: 40000746 | D71: 51892578 | E71: 59.8 | F71: 1016.01 | G71: =E71*F71 -> 60757.398 | H71: 76.8898 | I71: =E71*H71 -> 4598.01 | J71: Terminal Ilinka | K71: Trusowo
A72: =A71+1 -> 63 | B72: 46141 | C72: 40000747 | D72: 53988655 | E72: 59.15 | F72: 1016.01 | G72: =E72*F72 -> 60096.991 | H72: 76.8898 | I72: =E72*H72 -> 4548.0317 | J72: Terminal Ilinka | K72: Trusowo
A73: =A72+1 -> 64 | B73: 46141 | C73: 40000747 | D73: 55303572 | E73: 59.35 | F73: 1016.01 | G73: =E73*F73 -> 60300.194 | H73: 76.8898 | I73: =E73*H73 -> 4563.4096 | J73: Terminal Ilinka | K73: Trusowo
A74: =A73+1 -> 65 | B74: 46141 | C74: 40000747 | D74: 55948368 | E74: 59.95 | F74: 1016.01 | G74: =E74*F74 -> 60909.8 | H74: 76.8898 | I74: =E74*H74 -> 4609.5435 | J74: Terminal Ilinka | K74: Trusowo
A75: =A74+1 -> 66 | B75: 46141 | C75: 40000747 | D75: 73100273 | E75: 59.95 | F75: 1016.01 | G75: =E75*F75 -> 60909.8 | H75: 76.8898 | I75: =E75*H75 -> 4609.5435 | J75: Terminal Ilinka | K75: Trusowo
A76: =A75+1 -> 67 | B76: 46141 | C76: 40000747 | D76: 73201634 | E76: 59.9 | F76: 1016.01 | G76: =E76*F76 -> 60858.999 | H76: 76.8898 | I76: =E76*H76 -> 4605.699 | J76: Terminal Ilinka | K76: Trusowo
A77: =A76+1 -> 68 | B77: 46141 | C77: 40000747 | D77: 73969925 | E77: 59.4 | F77: 1016.01 | G77: =E77*F77 -> 60350.994 | H77: 76.8898 | I77: =E77*H77 -> 4567.2541 | J77: Terminal Ilinka | K77: Trusowo
A78: =A77+1 -> 69 | B78: 46141 | C78: 40000747 | D78: 75263640 | E78: 60.35 | F78: 1016.01 | G78: =E78*F78 -> 61316.204 | H78: 76.8898 | I78: =E78*H78 -> 4640.2994 | J78: Terminal Ilinka | K78: Trusowo
... A83: =A82+1 -> 74 | B83: 46141 | C83: 40000747 | D83: 76802214 | E83: 50.35 | F83: 1016.01 | G83: =E83*F83 -> 51156.103 | H83: 76.8898 | I83: =E83*H83 -> 3871.4014 | J83: Terminal Ilinka | K83: Trusowo
E84: =SUM(E66:E83) -> 1038.8 | G84: =SUM(G66:G83) -> 1055431.2 | I84: =SUM(I66:I83) -> 79873.124
A85: 75 | B85: 46141 | C85: 40000814 | D85: 50054543 | E85: 61.05 | F85: 1016.01 | G85: =E85*F85 -> 62027.41 | H85: 76.8898 | I85: =E85*H85 -> 4694.1223 | J85: Terminal Ilinka | K85: Trusowo
A86: =A85+1 -> 76 | B86: 46141 | C86: 40000814 | D86: 50218692 | E86: 60.15 | F86: 1016.01 | G86: =E86*F86 -> 61113.001 | H86: 76.8898 | I86: =E86*H86 -> 4624.9215 | J86: Terminal Ilinka | K86: Trusowo
A87: =A86+1 -> 77 | B87: 46141 | C87: 40000811 | D87: 50439231 | E87: 61.35 | F87: 1016.01 | G87: =E87*F87 -> 62332.213 | H87: 76.8898 | I87: =E87*H87 -> 4717.1892 | J87: Terminal Ilinka | K87: Trusowo
A88: =A87+1 -> 78 | B88: 46141 | C88: 40000813 | D88: 50485135 | E88: 59.3 | F88: 1016.01 | G88: =E88*F88 -> 60249.393 | H88: 76.8898 | I88: =E88*H88 -> 4559.5651 | J88: Terminal Ilinka | K88: Trusowo
A89: =A88+1 -> 79 | B89: 46141 | C89: 40000814 | D89: 50497221 | E89: 60.3 | F89: 1016.01 | G89: =E89*F89 -> 61265.403 | H89: 76.8898 | I89: =E89*H89 -> 4636.4549 | J89: Terminal Ilinka | K89: Trusowo
A90: =A89+1 -> 80 | B90: 46141 | C90: 40000815 | D90: 50753151 | E90: 59.65 | F90: 1016.01 | G90: =E90*F90 -> 60604.997 | H90: 76.8898 | I90: =E90*H90 -> 4586.4766 | J90: Terminal Ilinka | K90: Trusowo
A91: =A90+1 -> 81 | B91: 46141 | C91: 40000815 | D91: 51043966 | E91: 59.55 | F91: 1016.01 | G91: =E91*F91 -> 60503.395 | H91: 76.8898 | I91: =E91*H91 -> 4578.7876 | J91: Terminal Ilinka | K91: Trusowo
A92: =A91+1 -> 82 | B92: 46141 | C92: 40000814 | D92: 51264380 | E92: 60.15 | F92: 1016.01 | G92: =E92*F92 -> 61113.001 | H92: 76.8898 | I92: =E92*H92 -> 4624.9215 | J92: Terminal Ilinka | K92: Trusowo
A93: =A92+1 -> 83 | B93: 46141 | C93: 40000815 | D93: 51393718 | E93: 58.9 | F93: 1016.01 | G93: =E93*F93 -> 59842.989 | H93: 76.8898 | I93: =E93*H93 -> 4528.8092 | J93: Terminal Ilinka | K93: Trusowo
A94: =A93+1 -> 84 | B94: 46141 | C94: 40000811 | D94: 51401644 | E94: 60.1 | F94: 1016.01 | G94: =E94*F94 -> 61062.201 | H94: 76.8898 | I94: =E94*H94 -> 4621.077 | J94: Terminal Ilinka | K94: Trusowo
A95: =A94+1 -> 85 | B95: 46141 | C95: 40000813 | D95: 51435352 | E95: 52.3 | F95: 1016.01 | G95: =E95*F95 -> 53137.323 | H95: 76.8898 | I95: =E95*H95 -> 4021.3365 | J95: Terminal Ilinka | K95: Trusowo
A96: =A95+1 -> 86 | B96: 46141 | C96: 40000812 | D96: 51632065 | E96: 51.65 | F96: 1016.01 | G96: =E96*F96 -> 52476.916 | H96: 76.8898 | I96: =E96*H96 -> 3971.3582 | J96: Terminal Ilinka | K96: Trusowo
A97: =A96+1 -> 87 | B97: 46141 | C97: 40000811 | D97: 51769347 | E97: 60.5 | F97: 1016.01 | G97: =E97*F97 -> 61468.605 | H97: 76.8898 | I97: =E97*H97 -> 4651.8329 | J97: Terminal Ilinka | K97: Trusowo
... A146: =A145+1 -> 136 | B146: 46141 | C146: 40000812 | D146: 76921394 | E146: 60.35 | F146: 1016.01 | G146: =E146*F146 -> 61316.204 | H146: 76.8898 | I146: =E146*H146 -> 4640.2994 | J146: Terminal Ilinka | K146: Trusowo
E147: =SUM(E85:E146) -> 3731.4 | G147: =SUM(G85:G146) -> 3791139.7 | I147: =SUM(I85:I146) -> 286906.6
A148: 137 | B148: 46143 | C148: 40001022 | D148: 50414218 | E148: 59.9 | F148: 1016.01 | G148: =E148*F148 -> 60858.999 | H148: 76.8898 | I148: =E148*H148 -> 4605.699 | J148: Terminal Ilinka | K148: Trusowo
A149: =A148+1 -> 138 | B149: 46143 | C149: 40001018 | D149: 73011587 | E149: 60.25 | F149: 1016.01 | G149: =E149*F149 -> 61214.603 | H149: 76.8898 | I149: =E149*H149 -> 4632.6104 | J149: Terminal Ilinka | K149: Trusowo
A150: =A149+1 -> 139 | B150: 46143 | C150: 40001020 | D150: 75342170 | E150: 60.95 | F150: 1016.01 | G150: =E150*F150 -> 61925.81 | H150: 76.8898 | I150: =E150*H150 -> 4686.4333 | J150: Terminal Ilinka | K150: Trusowo
A151: =A150+1 -> 140 | B151: 46143 | C151: 40001021 | D151: 75342220 | E151: 60.75 | F151: 1016.01 | G151: =E151*F151 -> 61722.607 | H151: 76.8898 | I151: =E151*H151 -> 4671.0553 | J151: Terminal Ilinka | K151: Trusowo
E152: =SUM(E148:E151) -> 241.85 | G152: =SUM(G148:G151) -> 245722.02 | I152: =SUM(I148:I151) -> 18595.798
A153: 141 | B153: 46145 | C153: 40001023 | D153: 51487452 | E153: 59.55 | F153: 1016.01 | G153: =E153*F153 -> 60503.395 | H153: 76.8898 | I153: =E153*H153 -> 4578.7876 | J153: Terminal Ilinka | K153: Trusowo
A154: =A153+1 -> 142 | B154: 46145 | C154: 40001023 | D154: 51893618 | E154: 60.35 | F154: 1016.01 | G154: =E154*F154 -> 61316.204 | H154: 76.8898 | I154: =E154*H154 -> 4640.2994 | J154: Terminal Ilinka | K154: Trusowo
A155: =A154+1 -> 143 | B155: 46145 | C155: 40001023 | D155: 51921211 | E155: 51.9 | F155: 1016.01 | G155: =E155*F155 -> 52730.919 | H155: 76.8898 | I155: =E155*H155 -> 3990.5806 | J155: Terminal Ilinka | K155: Trusowo
A156: =A155+1 -> 144 | B156: 46145 | C156: 40001023 | D156: 53945887 | E156: 50.5 | F156: 1016.01 | G156: =E156*F156 -> 51308.505 | H156: 76.8898 | I156: =E156*H156 -> 3882.9349 | J156: Terminal Ilinka | K156: Trusowo
A157: =A156+1 -> 145 | B157: 46145 | C157: 40001023 | D157: 54027016 | E157: 59.8 | F157: 1016.01 | G157: =E157*F157 -> 60757.398 | H157: 76.8898 | I157: =E157*H157 -> 4598.01 | J157: Terminal Ilinka | K157: Trusowo
A158: =A157+1 -> 146 | B158: 46145 | C158: 40001023 | D158: 54046370 | E158: 59.8 | F158: 1016.01 | G158: =E158*F158 -> 60757.398 | H158: 76.8898 | I158: =E158*H158 -> 4598.01 | J158: Terminal Ilinka | K158: Trusowo
A159: =A158+1 -> 147 | B159: 46145 | C159: 40001023 | D159: 58638453 | E159: 59.7 | F159: 1016.01 | G159: =E159*F159 -> 60655.797 | H159: 76.8898 | I159: =E159*H159 -> 4590.3211 | J159: Terminal Ilinka | K159: Trusowo
A160: =A159+1 -> 148 | B160: 46145 | C160: 40001113 | D160: 73117855 | E160: 60.25 | F160: 1016.01 | G160: =E160*F160 -> 61214.603 | H160: 76.8898 | I160: =E160*H160 -> 4632.6104 | J160: Terminal Ilinka | K160: Trusowo
A161: =A160+1 -> 149 | B161: 46145 | C161: 40001112 | D161: 73228405 | E161: 60.35 | F161: 1016.01 | G161: =E161*F161 -> 61316.204 | H161: 76.8898 | I161: =E161*H161 -> 4640.2994 | J161: Terminal Ilinka | K161: Trusowo
A162: =A161+1 -> 150 | B162: 46145 | C162: 40001023 | D162: 74979964 | E162: 59.85 | F162: 1016.01 | G162: =E162*F162 -> 60808.198 | H162: 76.8898 | I162: =E162*H162 -> 4601.8545 | J162: Terminal Ilinka | K162: Trusowo
...

Sheet 39 - M # 10000 # MAY -41
A1: Contract BNK-KHM/9-4-12/140 dd 29.07.2022, between "BNK-FZCO" (UAE) and "KHUMOR" LLC (KYRGYZ REPUBLIC) | T1: AI-92-K5
A2: ADDENDUM № 39-M dd 30.04.26 (DAP TRUSOVO)
F3: -41$ | T3: 10'000mt
A4: № | B4: Date | C4: RWB No | D4: Wagons No | E4: Loaded quantity (MT) | F4: Price in may 01.05.26-31.05.26 $ | G4: Total | H4: Fix price in rub | I4: Total | J4: Consignee | K4: Destination | M4: Transport in rub | N4: Total | O4: Transport in $ (preliminary) | P4: Total | Q4: Date of arrival of wagons | R4: Date of leak | S4: Quantity | T4: Difference | U4: Remarks
A5: 1 | B5: 46149 | C5: 40001542 | D5: 50071216 | E5: 51.4 | F5: ='[6]Platt''s 2026'!Z34-41 -> 1086.1447 | G5: =E5*F5 -> 55827.839 | H5: 82601.11 | I5: =E5*H5 -> 4245697.1 | J5: Terminal Ilinka | K5: Trusowo
A6: =A5+1 -> 2 | B6: 46149 | C6: 40001542 | D6: 50391234 | E6: 58.95 | F6: 1086.14 | G6: =E6*F6 -> 64027.953 | H6: 82601.11 | I6: =E6*H6 -> 4869335.4 | J6: Terminal Ilinka | K6: Trusowo
A7: =A6+1 -> 3 | B7: 46149 | C7: 40001542 | D7: 50768233 | E7: 50.15 | F7: 1086.14 | G7: =E7*F7 -> 54469.921 | H7: 82601.11 | I7: =E7*H7 -> 4142445.7 | J7: Terminal Ilinka | K7: Trusowo
A8: =A7+1 -> 4 | B8: 46149 | C8: 40001542 | D8: 50774322 | E8: 50.55 | F8: 1086.14 | G8: =E8*F8 -> 54904.377 | H8: 82601.11 | I8: =E8*H8 -> 4175486.1 | J8: Terminal Ilinka | K8: Trusowo
A9: =A8+1 -> 5 | B9: 46149 | C9: 40001542 | D9: 50778943 | E9: 50.45 | F9: 1086.14 | G9: =E9*F9 -> 54795.763 | H9: 82601.11 | I9: =E9*H9 -> 4167226 | J9: Terminal Ilinka | K9: Trusowo
A10: =A9+1 -> 6 | B10: 46149 | C10: 40001542 | D10: 50786771 | E10: 50.15 | F10: 1086.14 | G10: =E10*F10 -> 54469.921 | H10: 82601.11 | I10: =E10*H10 -> 4142445.7 | J10: Terminal Ilinka | K10: Trusowo
A11: =A10+1 -> 7 | B11: 46149 | C11: 40001542 | D11: 50960707 | E11: 59.1 | F11: 1086.14 | G11: =E11*F11 -> 64190.874 | H11: 82601.11 | I11: =E11*H11 -> 4881725.6 | J11: Terminal Ilinka | K11: Trusowo
A12: =A11+1 -> 8 | B12: 46149 | C12: 40001542 | D12: 51217610 | E12: 50.8 | F12: 1086.14 | G12: =E12*F12 -> 55175.912 | H12: 82601.11 | I12: =E12*H12 -> 4196136.4 | J12: Terminal Ilinka | K12: Trusowo
A13: =A12+1 -> 9 | B13: 46149 | C13: 40001542 | D13: 51231413 | E13: 50.75 | F13: 1086.14 | G13: =E13*F13 -> 55121.605 | H13: 82601.11 | I13: =E13*H13 -> 4192006.3 | J13: Terminal Ilinka | K13: Trusowo
A14: =A13+1 -> 10 | B14: 46149 | C14: 40001542 | D14: 51289874 | E14: 50.2 | F14: 1086.14 | G14: =E14*F14 -> 54524.228 | H14: 82601.11 | I14: =E14*H14 -> 4146575.7 | J14: Terminal Ilinka | K14: Trusowo
A15: =A14+1 -> 11 | B15: 46149 | C15: 40001542 | D15: 51487775 | E15: 58.85 | F15: 1086.14 | G15: =E15*F15 -> 63919.339 | H15: 82601.11 | I15: =E15*H15 -> 4861075.3 | J15: Terminal Ilinka | K15: Trusowo
A16: =A15+1 -> 12 | B16: 46149 | C16: 40001542 | D16: 51630762 | E16: 49.85 | F16: 1086.14 | G16: =E16*F16 -> 54144.079 | H16: 82601.11 | I16: =E16*H16 -> 4117665.3 | J16: Terminal Ilinka | K16: Trusowo
A17: =A16+1 -> 13 | B17: 46149 | C17: 40001542 | D17: 51812808 | E17: 59.05 | F17: 1086.14 | G17: =E17*F17 -> 64136.567 | H17: 82601.11 | I17: =E17*H17 -> 4877595.5 | J17: Terminal Ilinka | K17: Trusowo
... A24: =A23+1 -> 20 | B24: 46149 | C24: 40001542 | D24: 73131427 | E24: 59.35 | F24: 1086.14 | G24: =E24*F24 -> 64462.409 | H24: 82601.11 | I24: =E24*H24 -> 4902375.9 | J24: Terminal Ilinka | K24: Trusowo
E25: =SUM(E5:E24) -> 1094.45 | G25: =SUM(G5:G24) -> 1188726.2 | I25: =SUM(I5:I24) -> 90402785
A26: 21 | B26: 46150 | C26: 40001614 | D26: 73765687 | E26: 59.35 | F26: 1086.14 | G26: =E26*F26 -> 64462.409 | H26: 82601.11 | I26: =E26*H26 -> 4902375.9 | J26: Terminal Ilinka | K26: Trusowo
A27: =A26+1 -> 22 | B27: 46150 | C27: 40001614 | D27: 50411693 | E27: 59.4 | F27: 1086.14 | G27: =E27*F27 -> 64516.716 | H27: 82601.11 | I27: =E27*H27 -> 4906505.9 | J27: Terminal Ilinka | K27: Trusowo
A28: =A27+1 -> 23 | B28: 46150 | C28: 40001614 | D28: 75852699 | E28: 59.95 | F28: 1086.14 | G28: =E28*F28 -> 65114.093 | H28: 82601.11 | I28: =E28*H28 -> 4951936.5 | J28: Terminal Ilinka | K28: Trusowo
A29: =A28+1 -> 24 | B29: 46150 | C29: 40001614 | D29: 75008144 | E29: 59.25 | F29: 1086.14 | G29: =E29*F29 -> 64353.795 | H29: 82601.11 | I29: =E29*H29 -> 4894115.8 | J29: Terminal Ilinka | K29: Trusowo
A30: =A29+1 -> 25 | B30: 46150 | C30: 40001614 | D30: 75207852 | E30: 60.1 | F30: 1086.14 | G30: =E30*F30 -> 65277.014 | H30: 82601.11 | I30: =E30*H30 -> 4964326.7 | J30: Terminal Ilinka | K30: Trusowo
A31: =A30+1 -> 26 | B31: 46150 | C31: 40001614 | D31: 76307594 | E31: 59.9 | F31: 1086.14 | G31: =E31*F31 -> 65059.786 | H31: 82601.11 | I31: =E31*H31 -> 4947806.5 | J31: Terminal Ilinka | K31: Trusowo
A32: =A31+1 -> 27 | B32: 46150 | C32: 40001614 | D32: 50438233 | E32: 59.45 | F32: 1086.14 | G32: =E32*F32 -> 64571.023 | H32: 82601.11 | I32: =E32*H32 -> 4910636 | J32: Terminal Ilinka | K32: Trusowo
A33: =A32+1 -> 28 | B33: 46150 | C33: 40001614 | D33: 51551216 | E33: 49.8 | F33: 1086.14 | G33: =E33*F33 -> 54089.772 | H33: 82601.11 | I33: =E33*H33 -> 4113535.3 | J33: Terminal Ilinka | K33: Trusowo
A34: =A33+1 -> 29 | B34: 46150 | C34: 40001614 | D34: 57201899 | E34: 59.35 | F34: 1086.14 | G34: =E34*F34 -> 64462.409 | H34: 82601.11 | I34: =E34*H34 -> 4902375.9 | J34: Terminal Ilinka | K34: Trusowo
A35: =A34+1 -> 30 | B35: 46150 | C35: 40001614 | D35: 57028649 | E35: 58.85 | F35: 1086.14 | G35: =E35*F35 -> 63919.339 | H35: 82601.11 | I35: =E35*H35 -> 4861075.3 | J35: Terminal Ilinka | K35: Trusowo
A36: =A35+1 -> 31 | B36: 46150 | C36: 40001614 | D36: 51228310 | E36: 59 | F36: 1086.14 | G36: =E36*F36 -> 64082.26 | H36: 82601.11 | I36: =E36*H36 -> 4873465.5 | J36: Terminal Ilinka | K36: Trusowo
A37: =A36+1 -> 32 | B37: 46150 | C37: 40001614 | D37: 55551824 | E37: 59.45 | F37: 1086.14 | G37: =E37*F37 -> 64571.023 | H37: 82601.11 | I37: =E37*H37 -> 4910636 | J37: Terminal Ilinka | K37: Trusowo
A38: =A37+1 -> 33 | B38: 46150 | C38: 40001614 | D38: 75113159 | E38: 59.35 | F38: 1086.14 | G38: =E38*F38 -> 64462.409 | H38: 82601.11 | I38: =E38*H38 -> 4902375.9 | J38: Terminal Ilinka | K38: Trusowo
E39: =SUM(E26:E38) -> 763.2 | G39: =SUM(G26:G38) -> 828942.05 | I39: =SUM(I26:I38) -> 63041167
A40: 34 | B40: 09 05 26 | C40: 40001709 | D40: 54095757 | E40: 58.8 | F40: 1086.14 | G40: =E40*F40 -> 63865.032 | H40: 82601.11 | I40: =E40*H40 -> 4856945.3 | J40: Terminal Ilinka | K40: Trusowo
A41: =A40+1 -> 35 | B41: 09 05 26 | C41: 40001709 | D41: 57431595 | E41: 58.8 | F41: 1086.14 | G41: =E41*F41 -> 63865.032 | H41: 82601.11 | I41: =E41*H41 -> 4856945.3 | J41: Terminal Ilinka | K41: Trusowo
A42: =A41+1 -> 36 | B42: 09 05 26 | C42: 40001709 | D42: 51622850 | E42: 58.55 | F42: 1086.14 | G42: =E42*F42 -> 63593.497 | H42: 82601.11 | I42: =E42*H42 -> 4836295 | J42: Terminal Ilinka | K42: Trusowo
A43: =A42+1 -> 37 | B43: 09 05 26 | C43: 40001709 | D43: 51622801 | E43: 58.6 | F43: 1086.14 | G43: =E43*F43 -> 63647.804 | H43: 82601.11 | I43: =E43*H43 -> 4840425 | J43: Terminal Ilinka | K43: Trusowo
A44: =A43+1 -> 38 | B44: 09 05 26 | C44: 40001709 | D44: 73144529 | E44: 59.3 | F44: 1086.14 | G44: =E44*F44 -> 64408.102 | H44: 82601.11 | I44: =E44*H44 -> 4898245.8 | J44: Terminal Ilinka | K44: Trusowo
A45: =A44+1 -> 39 | B45: 09 05 26 | C45: 40001709 | D45: 73228728 | E45: 59.3 | F45: 1086.14 | G45: =E45*F45 -> 64408.102 | H45: 82601.11 | I45: =E45*H45 -> 4898245.8 | J45: Terminal Ilinka | K45: Trusowo
A46: =A45+1 -> 40 | B46: 09 05 26 | C46: 40001709 | D46: 73157679 | E46: 59.3 | F46: 1086.14 | G46: =E46*F46 -> 64408.102 | H46: 82601.11 | I46: =E46*H46 -> 4898245.8 | J46: Terminal Ilinka | K46: Trusowo
A47: =A46+1 -> 41 | B47: 09 05 26 | C47: 40001709 | D47: 73038879 | E47: 59.3 | F47: 1086.14 | G47: =E47*F47 -> 64408.102 | H47: 82601.11 | I47: =E47*H47 -> 4898245.8 | J47: Terminal Ilinka | K47: Trusowo
A48: =A47+1 -> 42 | B48: 09 05 26 | C48: 40001709 | D48: 73000309 | E48: 59.45 | F48: 1086.14 | G48: =E48*F48 -> 64571.023 | H48: 82601.11 | I48: =E48*H48 -> 4910636 | J48: Terminal Ilinka | K48: Trusowo
A49: =A48+1 -> 43 | B49: 09 05 26 | C49: 40001709 | D49: 73237182 | E49: 59.25 | F49: 1086.14 | G49: =E49*F49 -> 64353.795 | H49: 82601.11 | I49: =E49*H49 -> 4894115.8 | J49: Terminal Ilinka | K49: Trusowo
A50: =A49+1 -> 44 | B50: 09 05 26 | C50: 40001709 | D50: 57527426 | E50: 59.35 | F50: 1086.14 | G50: =E50*F50 -> 64462.409 | H50: 82601.11 | I50: =E50*H50 -> 4902375.9 | J50: Terminal Ilinka | K50: Trusowo
A51: =A50+1 -> 45 | B51: 09 05 26 | C51: 40001709 | D51: 57016156 | E51: 58.9 | F51: 1086.14 | G51: =E51*F51 -> 63973.646 | H51: 82601.11 | I51: =E51*H51 -> 4865205.4 | J51: Terminal Ilinka | K51: Trusowo
A52: =A51+1 -> 46 | B52: 09 05 26 | C52: 40001709 | D52: 73231037 | E52: 59.35 | F52: 1086.14 | G52: =E52*F52 -> 64462.409 | H52: 82601.11 | I52: =E52*H52 -> 4902375.9 | J52: Terminal Ilinka | K52: Trusowo
... A57: =A56+1 -> 51 | B57: 09 05 26 | C57: 40001709 | D57: 50034628 | E57: 58.8 | F57: 1086.14 | G57: =E57*F57 -> 63865.032 | H57: 82601.11 | I57: =E57*H57 -> 4856945.3 | J57: Terminal Ilinka | K57: Trusowo
E58: =SUM(E40:E57) -> 1055.9 | G58: =SUM(G40:G57) -> 1146855.2 | I58: =SUM(I40:I57) -> 87218512
A59: 52 | B59: 46152 | C59: 40001739 | D59: 75110064 | E59: 59.45 | F59: 1086.14 | G59: =E59*F59 -> 64571.023 | H59: 82601.11 | I59: =E59*H59 -> 4910636 | J59: Terminal Ilinka | K59: Trusowo
A60: =A59+1 -> 53 | B60: 46152 | C60: 40001740 | D60: 57129678 | E60: 59.15 | F60: 1086.14 | G60: =E60*F60 -> 64245.181 | H60: 82601.11 | I60: =E60*H60 -> 4885855.7 | J60: Terminal Ilinka | K60: Trusowo
A61: =A60+1 -> 54 | B61: 46152 | C61: 40001741 | D61: 57106288 | E61: 59 | F61: 1086.14 | G61: =E61*F61 -> 64082.26 | H61: 82601.11 | I61: =E61*H61 -> 4873465.5 | J61: Terminal Ilinka | K61: Trusowo
A62: =A61+1 -> 55 | B62: 46152 | C62: 40001810 | D62: 73064677 | E62: 59.65 | F62: 1086.14 | G62: =E62*F62 -> 64788.251 | H62: 82601.11 | I62: =E62*H62 -> 4927156.2 | J62: Terminal Ilinka | K62: Trusowo
A63: =A62+1 -> 56 | B63: 46152 | C63: 40001811 | D63: 54092564 | E63: 59 | F63: 1086.14 | G63: =E63*F63 -> 64082.26 | H63: 82601.11 | I63: =E63*H63 -> 4873465.5 | J63: Terminal Ilinka | K63: Trusowo
A64: =A63+1 -> 57 | B64: 46152 | C64: 40001812 | D64: 73223208 | E64: 59.5 | F64: 1086.14 | G64: =E64*F64 -> 64625.33 | H64: 82601.11 | I64: =E64*H64 -> 4914766 | J64: Terminal Ilinka | K64: Trusowo
A65: =A64+1 -> 58 | B65: 46152 | C65: 40001813 | D65: 73054603 | E65: 59.55 | F65: 1086.14 | G65: =E65*F65 -> 64679.637 | H65: 82601.11 | I65: =E65*H65 -> 4918896.1 | J65: Terminal Ilinka | K65: Trusowo
A66: =A65+1 -> 59 | B66: 46152 | C66: 40001814 | D66: 75332551 | E66: 59.85 | F66: 1086.14 | G66: =E66*F66 -> 65005.479 | H66: 82601.11 | I66: =E66*H66 -> 4943676.4 | J66: Terminal Ilinka | K66: Trusowo
A67: =A66+1 -> 60 | B67: 46152 | C67: 40001814 | D67: 50914118 | E67: 59.15 | F67: 1086.14 | G67: =E67*F67 -> 64245.181 | H67: 82601.11 | I67: =E67*H67 -> 4885855.7 | J67: Terminal Ilinka | K67: Trusowo
A68: =A67+1 -> 61 | B68: 46152 | C68: 40001814 | D68: 51498236 | E68: 49.7 | F68: 1086.14 | G68: =E68*F68 -> 53981.158 | H68: 82601.11 | I68: =E68*H68 -> 4105275.2 | J68: Terminal Ilinka | K68: Trusowo
A69: =A68+1 -> 62 | B69: 46152 | C69: 40001814 | D69: 73218018 | E69: 59.7 | F69: 1086.14 | G69: =E69*F69 -> 64842.558 | H69: 82601.11 | I69: =E69*H69 -> 4931286.3 | J69: Terminal Ilinka | K69: Trusowo
A70: =A69+1 -> 63 | B70: 46152 | C70: 40001814 | D70: 73242448 | E70: 59.4 | F70: 1086.14 | G70: =E70*F70 -> 64516.716 | H70: 82601.11 | I70: =E70*H70 -> 4906505.9 | J70: Terminal Ilinka | K70: Trusowo
A71: =A70+1 -> 64 | B71: 46152 | C71: 40001814 | D71: 73179806 | E71: 59.65 | F71: 1086.14 | G71: =E71*F71 -> 64788.251 | H71: 82601.11 | I71: =E71*H71 -> 4927156.2 | J71: Terminal Ilinka | K71: Trusowo
... A98: =A97+1 -> 91 | B98: 46152 | C98: 40001818 | D98: 73214736 | E98: 59.6 | F98: 1086.14 | G98: =E98*F98 -> 64733.944 | H98: 82601.11 | I98: =E98*H98 -> 4923026.2 | J98: Terminal Ilinka | K98: Trusowo
E99: =SUM(E59:E98) -> 2314.9 | G99: =SUM(G60:G98) -> 2449734.5 | I99: =SUM(I60:I98) -> 1.8630267e+08
A100: =A98+1 -> 92 | B100: 46157 | C100: 40002242 | D100: 50434166 | E100: 51.25 | F100: 1086.14 | G100: =E100*F100 -> 55664.675 | H100: 82601.11 | I100: =E100*H100 -> 4233306.9 | J100: Terminal Ilinka | K100: Trusowo
A101: =A100+1 -> 93 | B101: 46157 | C101: 40002242 | D101: 51142453 | E101: 50.7 | F101: 1086.14 | G101: =E101*F101 -> 55067.298 | H101: 82601.11 | I101: =E101*H101 -> 4187876.3 | J101: Terminal Ilinka | K101: Trusowo
A102: =A101+1 -> 94 | B102: 46157 | C102: 40002242 | D102: 54712708 | E102: 59.4 | F102: 1086.14 | G102: =E102*F102 -> 64516.716 | H102: 82601.11 | I102: =E102*H102 -> 4906505.9 | J102: Terminal Ilinka | K102: Trusowo
A103: =A102+1 -> 95 | B103: 46157 | C103: 40002242 | D103: 73186652 | E103: 59.5 | F103: 1086.14 | G103: =E103*F103 -> 64625.33 | H103: 82601.11 | I103: =E103*H103 -> 4914766 | J103: Terminal Ilinka | K103: Trusowo
A104: =A103+1 -> 96 | B104: 46157 | C104: 40002242 | D104: 73197212 | E104: 59.6 | F104: 1086.14 | G104: =E104*F104 -> 64733.944 | H104: 82601.11 | I104: =E104*H104 -> 4923026.2 | J104: Terminal Ilinka | K104: Trusowo
A105: =A104+1 -> 97 | B105: 46157 | C105: 40002242 | D105: 75110650 | E105: 59.35 | F105: 1086.14 | G105: =E105*F105 -> 64462.409 | H105: 82601.11 | I105: =E105*H105 -> 4902375.9 | J105: Terminal Ilinka | K105: Trusowo
A106: =A105+1 -> 98 | B106: 46157 | C106: 40002242 | D106: 75216929 | E106: 59.95 | F106: 1086.14 | G106: =E106*F106 -> 65114.093 | H106: 82601.11 | I106: =E106*H106 -> 4951936.5 | J106: Terminal Ilinka | K106: Trusowo
A107: =A106+1 -> 99 | B107: 46157 | C107: 40002242 | D107: 75290882 | E107: 59.95 | F107: 1086.14 | G107: =E107*F107 -> 65114.093 | H107: 82601.11 | I107: =E107*H107 -> 4951936.5 | J107: Terminal Ilinka | K107: Trusowo
E108: =SUM(E100:E107) -> 459.7 | G108: =SUM(G100:G107) -> 499298.56 | I108: =SUM(I100:I107) -> 37971730
A109: =A107+1 -> 100 | B109: 46163 | C109: 40003013 | D109: 50913524 | E109: 59.05 | F109: 1086.14 | G109: =E109*F109 -> 64136.567 | H109: 82601.11 | I109: =E109*H109 -> 4877595.5 | J109: Terminal Ilinka | K109: Trusowo
A110: =A109+1 -> 101 | B110: 46163 | C110: 40003013 | D110: 54717392 | E110: 58.9 | F110: 1086.14 | G110: =E110*F110 -> 63973.646 | H110: 82601.11 | I110: =E110*H110 -> 4865205.4 | J110: Terminal Ilinka | K110: Trusowo
A111: =A110+1 -> 102 | B111: 46163 | C111: 40003013 | D111: 54746367 | E111: 58.95 | F111: 1086.14 | G111: =E111*F111 -> 64027.953 | H111: 82601.11 | I111: =E111*H111 -> 4869335.4 | J111: Terminal Ilinka | K111: Trusowo
A112: =A111+1 -> 103 | B112: 46163 | C112: 40003013 | D112: 73009631 | E112: 59.35 | F112: 1086.14 | G112: =E112*F112 -> 64462.409 | H112: 82601.11 | I112: =E112*H112 -> 4902375.9 | J112: Terminal Ilinka | K112: Trusowo
A113: =A112+1 -> 104 | B113: 46163 | C113: 40003013 | D113: 73049934 | E113: 59.6 | F113: 1086.14 | G113: =E113*F113 -> 64733.944 | H113: 82601.11 | I113: =E113*H113 -> 4923026.2 | J113: Terminal Ilinka | K113: Trusowo
A114: =A113+1 -> 105 | B114: 46163 | C114: 40003013 | D114: 73102048 | E114: 59.35 | F114: 1086.14 | G114: =E114*F114 -> 64462.409 | H114: 82601.11 | I114: =E114*H114 -> 4902375.9 | J114: Terminal Ilinka | K114: Trusowo
A115: =A114+1 -> 106 | B115: 46163 | C115: 40003013 | D115: 73102907 | E115: 59.3 | F115: 1086.14 | G115: =E115*F115 -> 64408.102 | H115: 82601.11 | I115: =E115*H115 -> 4898245.8 | J115: Terminal Ilinka | K115: Trusowo
A116: =A115+1 -> 107 | B116: 46163 | C116: 40003013 | D116: 73118515 | E116: 59.6 | F116: 1086.14 | G116: =E116*F116 -> 64733.944 | H116: 82601.11 | I116: =E116*H116 -> 4923026.2 | J116: Terminal Ilinka | K116: Trusowo
A117: =A116+1 -> 108 | B117: 46163 | C117: 40003013 | D117: 73133571 | E117: 59.4 | F117: 1086.14 | G117: =E117*F117 -> 64516.716 | H117: 82601.11 | I117: =E117*H117 -> 4906505.9 | J117: Terminal Ilinka | K117: Trusowo
A118: =A117+1 -> 109 | B118: 46163 | C118: 40003013 | D118: 73168833 | E118: 59.4 | F118: 1086.14 | G118: =E118*F118 -> 64516.716 | H118: 82601.11 | I118: =E118*H118 -> 4906505.9 | J118: Terminal Ilinka | K118: Trusowo
A119: =A118+1 -> 110 | B119: 46163 | C119: 40003013 | D119: 73229882 | E119: 59.5 | F119: 1086.14 | G119: =E119*F119 -> 64625.33 | H119: 82601.11 | I119: =E119*H119 -> 4914766 | J119: Terminal Ilinka | K119: Trusowo
A120: =A119+1 -> 111 | B120: 46163 | C120: 40003013 | D120: 73236978 | E120: 59.6 | F120: 1086.14 | G120: =E120*F120 -> 64733.944 | H120: 82601.11 | I120: =E120*H120 -> 4923026.2 | J120: Terminal Ilinka | K120: Trusowo
A121: =A120+1 -> 112 | B121: 46163 | C121: 40003013 | D121: 73240533 | E121: 59.3 | F121: 1086.14 | G121: =E121*F121 -> 64408.102 | H121: 82601.11 | I121: =E121*H121 -> 4898245.8 | J121: Terminal Ilinka | K121: Trusowo
... A123: =A122+1 -> 114 | B123: 46163 | C123: 40003013 | D123: 74985227 | E123: 59.2 | F123: 1086.14 | G123: =E123*F123 -> 64299.488 | H123: 82601.11 | I123: =E123*H123 -> 4889985.7 | J123: Terminal Ilinka | K123: Trusowo
E124: =SUM(E109:E123) -> 890.2 | G124: =SUM(G109:G123) -> 966881.83 | I124: =SUM(I109:I123) -> 73531508
A125: 115 | B125: 46167 | C125: 40003434 | D125: 50217793 | E125: 58.75 | F125: 1086.14 | G125: =E125*F125 -> 63810.725 | H125: 82601.11 | I125: =E125*H125 -> 4852815.2 | J125: Terminal Ilinka | K125: Trusowo
A126: =A125+1 -> 116 | B126: 46167 | C126: 40003434 | D126: 54072236 | E126: 58.8 | F126: 1086.14 | G126: =E126*F126 -> 63865.032 | H126: 82601.11 | I126: =E126*H126 -> 4856945.3 | J126: Terminal Ilinka | K126: Trusowo
A127: =A126+1 -> 117 | B127: 46167 | C127: 40003434 | D127: 73001810 | E127: 58.4 | F127: 1086.14 | G127: =E127*F127 -> 63430.576 | H127: 82601.11 | I127: =E127*H127 -> 4823904.8 | J127: Terminal Ilinka | K127: Trusowo
A128: =A127+1 -> 118 | B128: 46167 | C128: 40003434 | D128: 73004251 | E128: 58.35 | F128: 1086.14 | G128: =E128*F128 -> 63376.269 | H128: 82601.11 | I128: =E128*H128 -> 4819774.8 | J128: Terminal Ilinka | K128: Trusowo
A129: =A128+1 -> 119 | B129: 46167 | C129: 40003434 | D129: 73062887 | E129: 58.4 | F129: 1086.14 | G129: =E129*F129 -> 63430.576 | H129: 82601.11 | I129: =E129*H129 -> 4823904.8 | J129: Terminal Ilinka | K129: Trusowo
A130: =A129+1 -> 120 | B130: 46167 | C130: 40003434 | D130: 73080731 | E130: 58.5 | F130: 1086.14 | G130: =E130*F130 -> 63539.19 | H130: 82601.11 | I130: =E130*H130 -> 4832164.9 | J130: Terminal Ilinka | K130: Trusowo
A131: =A130+1 -> 121 | B131: 46167 | C131: 40003434 | D131: 73118036 | E131: 58.4 | F131: 1086.14 | G131: =E131*F131 -> 63430.576 | H131: 82601.11 | I131: =E131*H131 -> 4823904.8 | J131: Terminal Ilinka | K131: Trusowo
A132: =A131+1 -> 122 | B132: 46167 | C132: 40003434 | D132: 73121105 | E132: 58.55 | F132: 1086.14 | G132: =E132*F132 -> 63593.497 | H132: 82601.11 | I132: =E132*H132 -> 4836295 | J132: Terminal Ilinka | K132: Trusowo
A133: =A132+1 -> 123 | B133: 46167 | C133: 40003434 | D133: 73122558 | E133: 58.65 | F133: 1086.14 | G133: =E133*F133 -> 63702.111 | H133: 82601.11 | I133: =E133*H133 -> 4844555.1 | J133: Terminal Ilinka | K133: Trusowo
A134: =A133+1 -> 124 | B134: 46167 | C134: 40003434 | D134: 73133878 | E134: 58.45 | F134: 1086.14 | G134: =E134*F134 -> 63484.883 | H134: 82601.11 | I134: =E134*H134 -> 4828034.9 | J134: Terminal Ilinka | K134: Trusowo
A135: =A134+1 -> 125 | B135: 46167 | C135: 40003434 | D135: 73145054 | E135: 58.45 | F135: 1086.14 | G135: =E135*F135 -> 63484.883 | H135: 82601.11 | I135: =E135*H135 -> 4828034.9 | J135: Terminal Ilinka | K135: Trusowo
A136: =A135+1 -> 126 | B136: 46167 | C136: 40003434 | D136: 73162059 | E136: 58.4 | F136: 1086.14 | G136: =E136*F136 -> 63430.576 | H136: 82601.11 | I136: =E136*H136 -> 4823904.8 | J136: Terminal Ilinka | K136: Trusowo
A137: =A136+1 -> 127 | B137: 46167 | C137: 40003434 | D137: 73183261 | E137: 58.2 | F137: 1086.14 | G137: =E137*F137 -> 63213.348 | H137: 82601.11 | I137: =E137*H137 -> 4807384.6 | J137: Terminal Ilinka | K137: Trusowo
...
